2026-06-09 13:57:55,786 | INFO | nfe_scanner | Requisicao concluida | metodo=GET | rota=/openapi.json | status=200 | duracao_ms=30.1
2026-06-09 13:59:06,171 | INFO | nfe_scanner.integracao | Consultando API fiscal | chave=312606...216840
2026-06-09 13:59:06,353 | WARNING | nfe_scanner.integracao | Nota nao encontrada na API fiscal | chave=312606...216840 | status=404
2026-06-09 13:59:06,355 | WARNING | nfe_scanner | Requisicao concluida | metodo=POST | rota=/barcode-nf/ | status=404 | duracao_ms=186.0
2026-06-09 14:00:24,863 | INFO | nfe_scanner.integracao | Consultando API fiscal | chave=312606...161708
2026-06-09 14:00:24,981 | INFO | nfe_scanner.integracao | API fiscal respondeu | chave=312606...161708 | status=200 | bytes=4744
2026-06-09 14:00:24,987 | INFO | nfe_scanner.integracao | Nota fiscal consultada | chave=312606...161708 | numero=277620 | fornecedor=Vale S.A.
2026-06-09 14:00:24,988 | INFO | nfe_scanner | Leitura concluida | chave=312606...161708 | numero=277620
2026-06-09 14:00:24,996 | INFO | nfe_scanner | Requisicao concluida | metodo=POST | rota=/barcode-nf/ | status=200 | duracao_ms=134.9
2026-06-09 14:00:49,315 | WARNING | nfe_scanner | Cadastro duplicado | chave=312606...161708
2026-06-09 14:00:49,319 | WARNING | nfe_scanner | Requisicao concluida | metodo=POST | rota=/notas/ | status=409 | duracao_ms=24.1
2026-06-09 14:01:16,685 | INFO | nfe_scanner | Requisicao concluida | metodo=GET | rota=/notas/ | status=200 | duracao_ms=15.9
2026-06-09 14:01:28,928 | INFO | nfe_scanner.integracao | Consultando API fiscal | chave=312606...161708
2026-06-09 14:01:29,020 | INFO | nfe_scanner.integracao | API fiscal respondeu | chave=312606...161708 | status=200 | bytes=4744
2026-06-09 14:01:29,022 | INFO | nfe_scanner.integracao | Nota fiscal consultada | chave=312606...161708 | numero=277620 | fornecedor=Vale S.A.
2026-06-09 14:01:29,022 | INFO | nfe_scanner | Leitura concluida | chave=312606...161708 | numero=277620
2026-06-09 14:01:29,024 | INFO | nfe_scanner | Requisicao concluida | metodo=POST | rota=/barcode-nf/ | status=200 | duracao_ms=98.4
2026-06-09 14:01:41,504 | INFO | nfe_scanner | Requisicao concluida | metodo=GET | rota=/notas/ | status=200 | duracao_ms=5.6
2026-06-09 14:01:54,369 | INFO | nfe_scanner | Nota excluida | id=6 | numero=275399
2026-06-09 14:01:54,372 | INFO | nfe_scanner | Requisicao concluida | metodo=DELETE | rota=/notas/6/ | status=200 | duracao_ms=29.8
2026-06-09 14:01:54,395 | INFO | nfe_scanner | Requisicao concluida | metodo=GET | rota=/notas/ | status=200 | duracao_ms=6.9
2026-06-09 14:02:00,028 | INFO | nfe_scanner | Nota excluida | id=7 | numero=277620
2026-06-09 14:02:00,032 | INFO | nfe_scanner | Requisicao concluida | metodo=DELETE | rota=/notas/7/ | status=200 | duracao_ms=24.1
2026-06-09 14:02:00,060 | INFO | nfe_scanner | Requisicao concluida | metodo=GET | rota=/notas/ | status=200 | duracao_ms=8.4
2026-06-09 14:02:24,853 | INFO | nfe_scanner.integracao | Consultando API fiscal | chave=312606...161708
2026-06-09 14:02:24,920 | INFO | nfe_scanner.integracao | API fiscal respondeu | chave=312606...161708 | status=200 | bytes=4744
2026-06-09 14:02:24,922 | INFO | nfe_scanner.integracao | Nota fiscal consultada | chave=312606...161708 | numero=277620 | fornecedor=Vale S.A.
2026-06-09 14:02:24,923 | INFO | nfe_scanner | Leitura concluida | chave=312606...161708 | numero=277620
2026-06-09 14:02:24,926 | INFO | nfe_scanner | Requisicao concluida | metodo=POST | rota=/barcode-nf/ | status=200 | duracao_ms=74.9
2026-06-09 14:02:26,990 | INFO | nfe_scanner | Nota cadastrada | id=16 | numero=277620 | centro_custo=A1BR
2026-06-09 14:02:26,992 | INFO | nfe_scanner | Requisicao concluida | metodo=POST | rota=/notas/ | status=200 | duracao_ms=21.8
2026-06-09 14:02:33,870 | INFO | nfe_scanner.integracao | Consultando API fiscal | chave=312606...161708
2026-06-09 14:02:33,946 | INFO | nfe_scanner.integracao | API fiscal respondeu | chave=312606...161708 | status=200 | bytes=4744
2026-06-09 14:02:33,948 | INFO | nfe_scanner.integracao | Nota fiscal consultada | chave=312606...161708 | numero=277620 | fornecedor=Vale S.A.
2026-06-09 14:02:33,949 | INFO | nfe_scanner | Leitura concluida | chave=312606...161708 | numero=277620
2026-06-09 14:02:33,951 | INFO | nfe_scanner | Requisicao concluida | metodo=POST | rota=/barcode-nf/ | status=200 | duracao_ms=83.4
2026-06-09 14:02:40,782 | WARNING | nfe_scanner | Cadastro duplicado | chave=312606...161708
2026-06-09 14:02:40,785 | WARNING | nfe_scanner | Requisicao concluida | metodo=POST | rota=/notas/ | status=409 | duracao_ms=5.5
2026-06-09 14:02:55,228 | WARNING | nfe_scanner | Cadastro duplicado | chave=312606...161708
2026-06-09 14:02:55,232 | WARNING | nfe_scanner | Requisicao concluida | metodo=POST | rota=/notas/ | status=409 | duracao_ms=11.4
2026-06-09 14:03:01,474 | WARNING | nfe_scanner | Cadastro duplicado | chave=312606...161708
2026-06-09 14:03:01,476 | WARNING | nfe_scanner | Requisicao concluida | metodo=POST | rota=/notas/ | status=409 | duracao_ms=5.9
2026-06-09 14:03:09,563 | INFO | nfe_scanner.integracao | Consultando API fiscal | chave=312606...161708
2026-06-09 14:03:09,822 | INFO | nfe_scanner.integracao | API fiscal respondeu | chave=312606...161708 | status=200 | bytes=4744
2026-06-09 14:03:09,824 | INFO | nfe_scanner.integracao | Nota fiscal consultada | chave=312606...161708 | numero=277620 | fornecedor=Vale S.A.
2026-06-09 14:03:09,825 | INFO | nfe_scanner | Leitura concluida | chave=312606...161708 | numero=277620
2026-06-09 14:03:09,826 | INFO | nfe_scanner | Requisicao concluida | metodo=POST | rota=/barcode-nf/ | status=200 | duracao_ms=264.8
2026-06-09 14:03:12,181 | WARNING | nfe_scanner | Cadastro duplicado | chave=312606...161708
2026-06-09 14:03:12,183 | WARNING | nfe_scanner | Requisicao concluida | metodo=POST | rota=/notas/ | status=409 | duracao_ms=10.2
2026-06-09 14:03:14,603 | WARNING | nfe_scanner | Cadastro duplicado | chave=312606...161708
2026-06-09 14:03:14,605 | WARNING | nfe_scanner | Requisicao concluida | metodo=POST | rota=/notas/ | status=409 | duracao_ms=6.6
2026-06-09 14:03:28,525 | INFO | nfe_scanner | Requisicao concluida | metodo=GET | rota=/notas/ | status=200 | duracao_ms=12.6
2026-06-09 14:03:40,449 | INFO | nfe_scanner | Nota excluida | id=16 | numero=277620
2026-06-09 14:03:40,454 | INFO | nfe_scanner | Requisicao concluida | metodo=DELETE | rota=/notas/16/ | status=200 | duracao_ms=22.0
2026-06-09 14:03:40,472 | INFO | nfe_scanner | Requisicao concluida | metodo=GET | rota=/notas/ | status=200 | duracao_ms=5.5
2026-06-09 14:03:54,702 | INFO | nfe_scanner.integracao | Consultando API fiscal | chave=312606...161708
2026-06-09 14:03:54,785 | INFO | nfe_scanner.integracao | API fiscal respondeu | chave=312606...161708 | status=200 | bytes=4744
2026-06-09 14:03:54,787 | INFO | nfe_scanner.integracao | Nota fiscal consultada | chave=312606...161708 | numero=277620 | fornecedor=Vale S.A.
2026-06-09 14:03:54,788 | INFO | nfe_scanner | Leitura concluida | chave=312606...161708 | numero=277620
2026-06-09 14:03:54,790 | INFO | nfe_scanner | Requisicao concluida | metodo=POST | rota=/barcode-nf/ | status=200 | duracao_ms=89.9
2026-06-09 14:03:58,190 | INFO | nfe_scanner | Nota cadastrada | id=16 | numero=277620 | centro_custo=A2BR
2026-06-09 14:03:58,195 | INFO | nfe_scanner | Requisicao concluida | metodo=POST | rota=/notas/ | status=200 | duracao_ms=23.3
2026-06-09 14:04:09,540 | INFO | nfe_scanner.integracao | Consultando API fiscal | chave=312606...161708
2026-06-09 14:04:09,664 | INFO | nfe_scanner.integracao | API fiscal respondeu | chave=312606...161708 | status=200 | bytes=4744
2026-06-09 14:04:09,666 | INFO | nfe_scanner.integracao | Nota fiscal consultada | chave=312606...161708 | numero=277620 | fornecedor=Vale S.A.
2026-06-09 14:04:09,667 | INFO | nfe_scanner | Leitura concluida | chave=312606...161708 | numero=277620
2026-06-09 14:04:09,669 | INFO | nfe_scanner | Requisicao concluida | metodo=POST | rota=/barcode-nf/ | status=200 | duracao_ms=131.1
2026-06-09 14:04:17,114 | INFO | nfe_scanner.integracao | Consultando API fiscal | chave=312606...161708
2026-06-09 14:04:17,263 | INFO | nfe_scanner.integracao | API fiscal respondeu | chave=312606...161708 | status=200 | bytes=4744
2026-06-09 14:04:17,264 | INFO | nfe_scanner.integracao | Nota fiscal consultada | chave=312606...161708 | numero=277620 | fornecedor=Vale S.A.
2026-06-09 14:04:17,264 | INFO | nfe_scanner | Leitura concluida | chave=312606...161708 | numero=277620
2026-06-09 14:04:17,265 | INFO | nfe_scanner | Requisicao concluida | metodo=POST | rota=/barcode-nf/ | status=200 | duracao_ms=153.2
2026-06-09 14:04:18,479 | WARNING | nfe_scanner | Cadastro duplicado | chave=312606...161708
2026-06-09 14:04:18,481 | WARNING | nfe_scanner | Requisicao concluida | metodo=POST | rota=/notas/ | status=409 | duracao_ms=8.8
2026-06-09 14:04:32,313 | INFO | nfe_scanner.integracao | Consultando API fiscal | chave=312606...161708
2026-06-09 14:04:32,380 | INFO | nfe_scanner.integracao | API fiscal respondeu | chave=312606...161708 | status=200 | bytes=4744
2026-06-09 14:04:32,382 | INFO | nfe_scanner.integracao | Nota fiscal consultada | chave=312606...161708 | numero=277620 | fornecedor=Vale S.A.
2026-06-09 14:04:32,382 | INFO | nfe_scanner | Leitura concluida | chave=312606...161708 | numero=277620
2026-06-09 14:04:32,384 | INFO | nfe_scanner | Requisicao concluida | metodo=POST | rota=/barcode-nf/ | status=200 | duracao_ms=72.9
2026-06-09 14:04:40,305 | INFO | nfe_scanner.integracao | Consultando API fiscal | chave=312606...161708
2026-06-09 14:04:40,387 | INFO | nfe_scanner.integracao | API fiscal respondeu | chave=312606...161708 | status=200 | bytes=4744
2026-06-09 14:04:40,389 | INFO | nfe_scanner.integracao | Nota fiscal consultada | chave=312606...161708 | numero=277620 | fornecedor=Vale S.A.
2026-06-09 14:04:40,390 | INFO | nfe_scanner | Leitura concluida | chave=312606...161708 | numero=277620
2026-06-09 14:04:40,392 | INFO | nfe_scanner | Requisicao concluida | metodo=POST | rota=/barcode-nf/ | status=200 | duracao_ms=88.9
2026-06-09 14:04:41,594 | WARNING | nfe_scanner | Cadastro duplicado | chave=312606...161708
2026-06-09 14:04:41,597 | WARNING | nfe_scanner | Requisicao concluida | metodo=POST | rota=/notas/ | status=409 | duracao_ms=8.2
2026-06-09 14:04:50,828 | INFO | nfe_scanner.integracao | Consultando API fiscal | chave=312606...161708
2026-06-09 14:04:50,904 | INFO | nfe_scanner.integracao | API fiscal respondeu | chave=312606...161708 | status=200 | bytes=4744
2026-06-09 14:04:50,909 | INFO | nfe_scanner.integracao | Nota fiscal consultada | chave=312606...161708 | numero=277620 | fornecedor=Vale S.A.
2026-06-09 14:04:50,910 | INFO | nfe_scanner | Leitura concluida | chave=312606...161708 | numero=277620
2026-06-09 14:04:50,912 | INFO | nfe_scanner | Requisicao concluida | metodo=POST | rota=/barcode-nf/ | status=200 | duracao_ms=85.8
2026-06-09 14:04:52,484 | WARNING | nfe_scanner | Cadastro duplicado | chave=312606...161708
2026-06-09 14:04:52,485 | WARNING | nfe_scanner | Requisicao concluida | metodo=POST | rota=/notas/ | status=409 | duracao_ms=7.3
2026-06-09 14:05:11,506 | INFO | nfe_scanner | Requisicao concluida | metodo=GET | rota=/notas/ | status=200 | duracao_ms=8.9
2026-06-09 14:05:15,833 | INFO | nfe_scanner | Nota excluida | id=16 | numero=277620
2026-06-09 14:05:15,836 | INFO | nfe_scanner | Requisicao concluida | metodo=DELETE | rota=/notas/16/ | status=200 | duracao_ms=20.9
2026-06-09 14:05:15,859 | INFO | nfe_scanner | Requisicao concluida | metodo=GET | rota=/notas/ | status=200 | duracao_ms=6.2
2026-06-09 14:10:25,458 | INFO | nfe_scanner | Requisicao concluida | metodo=GET | rota=/notas/ | status=200 | duracao_ms=6.8
2026-06-09 14:10:25,675 | WARNING | nfe_scanner | Requisicao concluida | metodo=GET | rota=/favicon.ico | status=404 | duracao_ms=3.6
2026-06-09 14:26:44,530 | INFO | nfe_scanner | Requisicao concluida | metodo=GET | rota=/notas/ | status=200 | duracao_ms=100.2
2026-06-09 14:27:17,978 | INFO | nfe_scanner.integracao | Consultando API fiscal | chave=312605...130860
2026-06-09 14:27:18,161 | INFO | nfe_scanner.integracao | API fiscal respondeu | chave=312605...130860 | status=200 | bytes=4744
2026-06-09 14:27:18,170 | INFO | nfe_scanner.integracao | Nota fiscal consultada | chave=312605...130860 | numero=275399 | fornecedor=Vale S.A.
2026-06-09 14:27:18,172 | INFO | nfe_scanner | Leitura concluida | chave=312605...130860 | numero=275399
2026-06-09 14:27:18,182 | INFO | nfe_scanner | Requisicao concluida | metodo=POST | rota=/barcode-nf/ | status=200 | duracao_ms=228.6
2026-06-09 14:27:21,808 | INFO | nfe_scanner | Nota cadastrada | id=16 | numero=275399 | centro_custo=A1BR
2026-06-09 14:27:21,812 | INFO | nfe_scanner | Requisicao concluida | metodo=POST | rota=/notas/ | status=200 | duracao_ms=54.4
2026-06-09 14:27:33,812 | INFO | nfe_scanner | Requisicao concluida | metodo=GET | rota=/notas/ | status=200 | duracao_ms=5.1
2026-06-09 14:27:40,525 | INFO | nfe_scanner | Nota excluida | id=16 | numero=275399
2026-06-09 14:27:40,527 | INFO | nfe_scanner | Requisicao concluida | metodo=DELETE | rota=/notas/16/ | status=200 | duracao_ms=27.6
2026-06-09 14:27:40,553 | INFO | nfe_scanner | Requisicao concluida | metodo=GET | rota=/notas/ | status=200 | duracao_ms=7.8
2026-06-09 14:35:30,221 | INFO | nfe_scanner | Requisicao concluida | metodo=GET | rota=/openapi.json | status=200 | duracao_ms=28.2
2026-06-09 14:35:30,281 | INFO | nfe_scanner | Requisicao concluida | metodo=GET | rota=/notas/ | status=200 | duracao_ms=6.5
2026-06-09 14:37:21,083 | INFO | nfe_scanner | Requisicao concluida | metodo=GET | rota=/notas/ | status=200 | duracao_ms=4.1
2026-06-09 14:37:56,821 | INFO | nfe_scanner | Requisicao concluida | metodo=GET | rota=/notas/ | status=200 | duracao_ms=6.2
2026-06-09 14:37:56,856 | INFO | nfe_scanner | Nota excluida | id=4 | numero=1006
2026-06-09 14:37:56,857 | INFO | nfe_scanner | Requisicao concluida | metodo=DELETE | rota=/notas/4/ | status=200 | duracao_ms=12.4
2026-06-09 14:37:56,887 | INFO | nfe_scanner | Nota excluida | id=5 | numero=1007
2026-06-09 14:37:56,888 | INFO | nfe_scanner | Requisicao concluida | metodo=DELETE | rota=/notas/5/ | status=200 | duracao_ms=9.7
2026-06-09 14:37:56,921 | INFO | nfe_scanner | Nota excluida | id=8 | numero=TESTE-CC-001
2026-06-09 14:37:56,922 | INFO | nfe_scanner | Requisicao concluida | metodo=DELETE | rota=/notas/8/ | status=200 | duracao_ms=13.0
2026-06-09 14:37:56,957 | INFO | nfe_scanner | Nota excluida | id=9 | numero=TESTE-CC-002
2026-06-09 14:37:56,960 | INFO | nfe_scanner | Requisicao concluida | metodo=DELETE | rota=/notas/9/ | status=200 | duracao_ms=14.8
2026-06-09 14:37:56,988 | INFO | nfe_scanner | Nota excluida | id=10 | numero=TESTE-CC-003
2026-06-09 14:37:56,989 | INFO | nfe_scanner | Requisicao concluida | metodo=DELETE | rota=/notas/10/ | status=200 | duracao_ms=14.0
2026-06-09 14:37:57,016 | INFO | nfe_scanner | Nota excluida | id=11 | numero=TESTE-CC-004
2026-06-09 14:37:57,017 | INFO | nfe_scanner | Requisicao concluida | metodo=DELETE | rota=/notas/11/ | status=200 | duracao_ms=9.1
2026-06-09 14:37:57,046 | INFO | nfe_scanner | Nota excluida | id=12 | numero=TESTE-CC-005
2026-06-09 14:37:57,047 | INFO | nfe_scanner | Requisicao concluida | metodo=DELETE | rota=/notas/12/ | status=200 | duracao_ms=8.2
2026-06-09 14:37:57,069 | INFO | nfe_scanner | Nota excluida | id=13 | numero=TESTE-CC-006
2026-06-09 14:37:57,070 | INFO | nfe_scanner | Requisicao concluida | metodo=DELETE | rota=/notas/13/ | status=200 | duracao_ms=8.0
2026-06-09 14:37:57,101 | INFO | nfe_scanner | Nota excluida | id=14 | numero=TESTE-CC-007
2026-06-09 14:37:57,102 | INFO | nfe_scanner | Requisicao concluida | metodo=DELETE | rota=/notas/14/ | status=200 | duracao_ms=10.0
2026-06-09 14:37:57,137 | INFO | nfe_scanner | Nota excluida | id=15 | numero=TESTE-VIRGEM-021
2026-06-09 14:37:57,138 | INFO | nfe_scanner | Requisicao concluida | metodo=DELETE | rota=/notas/15/ | status=200 | duracao_ms=14.7
2026-06-09 14:37:57,165 | INFO | nfe_scanner | Requisicao concluida | metodo=GET | rota=/notas/ | status=200 | duracao_ms=4.5
2026-06-09 14:38:02,945 | INFO | nfe_scanner | Requisicao concluida | metodo=GET | rota=/notas/ | status=200 | duracao_ms=2.4
2026-06-09 14:38:14,966 | INFO | nfe_scanner | Requisicao concluida | metodo=GET | rota=/notas/ | status=200 | duracao_ms=2.6
2026-06-09 14:38:35,461 | INFO | nfe_scanner | Nota cadastrada | id=1 | numero=MASSA-001 | centro_custo=A1BR
2026-06-09 14:38:35,466 | INFO | nfe_scanner | Requisicao concluida | metodo=POST | rota=/notas/ | status=200 | duracao_ms=19.0
2026-06-09 14:38:35,490 | INFO | nfe_scanner | Nota cadastrada | id=2 | numero=MASSA-002 | centro_custo=A1BR
2026-06-09 14:38:35,494 | INFO | nfe_scanner | Requisicao concluida | metodo=POST | rota=/notas/ | status=200 | duracao_ms=22.9
2026-06-09 14:38:35,516 | INFO | nfe_scanner | Nota cadastrada | id=3 | numero=MASSA-003 | centro_custo=A1BR/PRU
2026-06-09 14:38:35,517 | INFO | nfe_scanner | Requisicao concluida | metodo=POST | rota=/notas/ | status=200 | duracao_ms=19.6
2026-06-09 14:38:35,549 | INFO | nfe_scanner | Nota cadastrada | id=4 | numero=MASSA-004 | centro_custo=A1BR/PRU
2026-06-09 14:38:35,550 | INFO | nfe_scanner | Requisicao concluida | metodo=POST | rota=/notas/ | status=200 | duracao_ms=7.6
2026-06-09 14:38:35,580 | INFO | nfe_scanner | Nota cadastrada | id=5 | numero=MASSA-005 | centro_custo=A2BR
2026-06-09 14:38:35,580 | INFO | nfe_scanner | Requisicao concluida | metodo=POST | rota=/notas/ | status=200 | duracao_ms=6.7
2026-06-09 14:38:35,615 | INFO | nfe_scanner | Nota cadastrada | id=6 | numero=MASSA-006 | centro_custo=A2BR
2026-06-09 14:38:35,616 | INFO | nfe_scanner | Requisicao concluida | metodo=POST | rota=/notas/ | status=200 | duracao_ms=8.6
2026-06-09 14:39:13,406 | INFO | nfe_scanner | Requisicao concluida | metodo=GET | rota=/notas/ | status=200 | duracao_ms=3.3
2026-06-09 14:39:13,428 | INFO | nfe_scanner | XML gerado | nota_id=1 | quantidade=1 | arquivo=nota_fiscal_1_20260609_143913.xml
2026-06-09 14:39:13,430 | INFO | nfe_scanner | Requisicao concluida | metodo=POST | rota=/relatorio/ | status=200 | duracao_ms=10.7
2026-06-09 14:39:27,966 | INFO | nfe_scanner | Requisicao concluida | metodo=GET | rota=/notas/ | status=200 | duracao_ms=3.6
2026-06-09 14:39:43,343 | INFO | nfe_scanner | Requisicao concluida | metodo=GET | rota=/notas/ | status=200 | duracao_ms=5.4
2026-06-09 14:39:54,248 | INFO | nfe_scanner | Requisicao concluida | metodo=GET | rota=/notas/ | status=200 | duracao_ms=5.2
2026-06-09 14:55:06,794 | INFO | nfe_scanner | Requisicao concluida | metodo=GET | rota=/health/ | status=200 | duracao_ms=1.9
2026-06-09 14:55:07,129 | INFO | nfe_scanner | Requisicao concluida | metodo=GET | rota=/health/ | status=200 | duracao_ms=1.8
2026-06-09 14:55:07,183 | INFO | nfe_scanner | Requisicao concluida | metodo=GET | rota=/openapi.json | status=200 | duracao_ms=35.1
2026-06-09 14:55:07,198 | INFO | nfe_scanner | Requisicao concluida | metodo=GET | rota=/faturistas/ | status=200 | duracao_ms=5.8
2026-06-09 14:55:07,224 | INFO | nfe_scanner | Requisicao concluida | metodo=GET | rota=/painel | status=200 | duracao_ms=22.8
2026-06-09 14:56:17,673 | INFO | nfe_scanner | Requisicao concluida | metodo=GET | rota=/health/ | status=200 | duracao_ms=2.1
2026-06-09 14:56:17,690 | INFO | nfe_scanner | Requisicao concluida | metodo=GET | rota=/ | status=307 | duracao_ms=0.8
2026-06-09 14:56:17,911 | INFO | nfe_scanner | Requisicao concluida | metodo=GET | rota=/painel | status=200 | duracao_ms=27.6
2026-06-09 14:56:17,926 | INFO | nfe_scanner | Requisicao concluida | metodo=GET | rota=/notas/ | status=200 | duracao_ms=4.9
2026-06-09 14:56:17,930 | INFO | nfe_scanner | Requisicao concluida | metodo=GET | rota=/faturistas/ | status=200 | duracao_ms=2.3
2026-06-09 14:57:07,684 | INFO | nfe_scanner | Requisicao concluida | metodo=GET | rota=/health/ | status=200 | duracao_ms=2.4
2026-06-09 14:57:07,825 | INFO | nfe_scanner | Requisicao concluida | metodo=GET | rota=/ | status=307 | duracao_ms=0.6
2026-06-09 14:57:07,856 | INFO | nfe_scanner | Requisicao concluida | metodo=GET | rota=/painel | status=200 | duracao_ms=21.6
2026-06-09 14:57:07,869 | INFO | nfe_scanner | Requisicao concluida | metodo=GET | rota=/painel | status=200 | duracao_ms=1.3
2026-06-09 14:57:07,893 | INFO | nfe_scanner | Requisicao concluida | metodo=GET | rota=/notas/ | status=200 | duracao_ms=9.3
2026-06-09 14:57:07,916 | INFO | nfe_scanner | Requisicao concluida | metodo=GET | rota=/faturistas/ | status=200 | duracao_ms=2.6
2026-06-09 14:57:07,965 | INFO | nfe_scanner | Requisicao concluida | metodo=GET | rota=/openapi.json | status=200 | duracao_ms=36.6
2026-06-09 14:57:07,988 | INFO | nfe_scanner | Requisicao concluida | metodo=GET | rota=/notas/ | status=200 | duracao_ms=3.7
2026-06-09 14:57:08,005 | INFO | nfe_scanner | Requisicao concluida | metodo=GET | rota=/faturistas/ | status=200 | duracao_ms=3.0
2026-06-09 14:57:08,007 | INFO | nfe_scanner | Requisicao concluida | metodo=GET | rota=/openapi.json | status=200 | duracao_ms=0.5
2026-06-09 14:57:36,582 | INFO | nfe_scanner | Requisicao concluida | metodo=GET | rota=/painel | status=200 | duracao_ms=2.4
2026-06-09 14:57:36,603 | INFO | nfe_scanner | Requisicao concluida | metodo=GET | rota=/painel-assets/app.js | status=200 | duracao_ms=4.4
2026-06-09 14:57:36,606 | INFO | nfe_scanner | Requisicao concluida | metodo=GET | rota=/painel-assets/styles.css | status=200 | duracao_ms=7.8
2026-06-09 14:57:36,630 | INFO | nfe_scanner | Requisicao concluida | metodo=GET | rota=/faturistas/ | status=200 | duracao_ms=6.4
2026-06-09 14:57:36,633 | INFO | nfe_scanner | Requisicao concluida | metodo=GET | rota=/notas/ | status=200 | duracao_ms=9.5
2026-06-09 14:57:36,773 | WARNING | nfe_scanner | Requisicao concluida | metodo=GET | rota=/favicon.ico | status=404 | duracao_ms=2.1
2026-06-09 14:58:03,964 | INFO | nfe_scanner | Requisicao concluida | metodo=GET | rota=/openapi.json | status=200 | duracao_ms=0.4
2026-06-09 14:58:03,979 | INFO | nfe_scanner | Requisicao concluida | metodo=GET | rota=/notas/ | status=200 | duracao_ms=2.4
2026-06-09 14:58:03,983 | INFO | nfe_scanner | Requisicao concluida | metodo=GET | rota=/faturistas/ | status=200 | duracao_ms=1.4
2026-06-09 14:58:16,402 | INFO | nfe_scanner | Requisicao concluida | metodo=GET | rota=/notas/ | status=200 | duracao_ms=3.1
2026-06-09 14:58:16,423 | INFO | nfe_scanner | Requisicao concluida | metodo=GET | rota=/faturistas/ | status=200 | duracao_ms=4.9
2026-06-09 14:59:40,329 | INFO | nfe_scanner | Requisicao concluida | metodo=GET | rota=/health/ | status=200 | duracao_ms=0.6
2026-06-09 15:00:10,432 | INFO | nfe_scanner | Requisicao concluida | metodo=GET | rota=/painel | status=200 | duracao_ms=10.2
2026-06-09 15:00:10,501 | INFO | nfe_scanner | Requisicao concluida | metodo=GET | rota=/painel-assets/styles.css | status=200 | duracao_ms=3.3
2026-06-09 15:00:10,512 | INFO | nfe_scanner | Requisicao concluida | metodo=GET | rota=/painel-assets/app.js | status=200 | duracao_ms=5.7
2026-06-09 15:00:10,651 | INFO | nfe_scanner | Requisicao concluida | metodo=GET | rota=/faturistas/ | status=200 | duracao_ms=42.1
2026-06-09 15:00:10,656 | INFO | nfe_scanner | Requisicao concluida | metodo=GET | rota=/notas/ | status=200 | duracao_ms=50.7
2026-06-09 15:00:10,811 | WARNING | nfe_scanner | Requisicao concluida | metodo=GET | rota=/favicon.ico | status=404 | duracao_ms=0.7
2026-06-09 15:00:14,616 | INFO | nfe_scanner | Requisicao concluida | metodo=GET | rota=/notas/ | status=200 | duracao_ms=8.6
2026-06-09 15:00:14,621 | INFO | nfe_scanner | Requisicao concluida | metodo=GET | rota=/faturistas/ | status=200 | duracao_ms=12.7
2026-06-09 15:00:18,615 | INFO | nfe_scanner | Requisicao concluida | metodo=GET | rota=/faturistas/ | status=200 | duracao_ms=5.1
2026-06-09 15:00:18,617 | INFO | nfe_scanner | Requisicao concluida | metodo=GET | rota=/notas/ | status=200 | duracao_ms=7.7
2026-06-09 15:00:22,615 | INFO | nfe_scanner | Requisicao concluida | metodo=GET | rota=/faturistas/ | status=200 | duracao_ms=4.2
2026-06-09 15:00:22,618 | INFO | nfe_scanner | Requisicao concluida | metodo=GET | rota=/notas/ | status=200 | duracao_ms=6.5
2026-06-09 15:00:26,621 | INFO | nfe_scanner | Requisicao concluida | metodo=GET | rota=/faturistas/ | status=200 | duracao_ms=7.1
2026-06-09 15:00:26,625 | INFO | nfe_scanner | Requisicao concluida | metodo=GET | rota=/notas/ | status=200 | duracao_ms=12.0
2026-06-09 15:00:30,614 | INFO | nfe_scanner | Requisicao concluida | metodo=GET | rota=/faturistas/ | status=200 | duracao_ms=5.9
2026-06-09 15:00:30,617 | INFO | nfe_scanner | Requisicao concluida | metodo=GET | rota=/notas/ | status=200 | duracao_ms=9.1
2026-06-09 15:00:34,617 | INFO | nfe_scanner | Requisicao concluida | metodo=GET | rota=/faturistas/ | status=200 | duracao_ms=7.6
2026-06-09 15:00:34,619 | INFO | nfe_scanner | Requisicao concluida | metodo=GET | rota=/notas/ | status=200 | duracao_ms=9.9
2026-06-09 15:00:38,621 | INFO | nfe_scanner | Requisicao concluida | metodo=GET | rota=/faturistas/ | status=200 | duracao_ms=5.2
2026-06-09 15:00:38,623 | INFO | nfe_scanner | Requisicao concluida | metodo=GET | rota=/notas/ | status=200 | duracao_ms=7.4
2026-06-09 15:00:40,035 | INFO | nfe_scanner | Requisicao concluida | metodo=GET | rota=/docs | status=200 | duracao_ms=2.3
2026-06-09 15:00:40,400 | INFO | nfe_scanner | Requisicao concluida | metodo=GET | rota=/openapi.json | status=200 | duracao_ms=1.6
2026-06-09 15:00:42,834 | INFO | nfe_scanner | Requisicao concluida | metodo=GET | rota=/notas/ | status=200 | duracao_ms=5.9
2026-06-09 15:00:42,843 | INFO | nfe_scanner | Requisicao concluida | metodo=GET | rota=/faturistas/ | status=200 | duracao_ms=9.1
2026-06-09 15:00:46,631 | INFO | nfe_scanner | Requisicao concluida | metodo=GET | rota=/notas/ | status=200 | duracao_ms=6.0
2026-06-09 15:00:46,633 | INFO | nfe_scanner | Requisicao concluida | metodo=GET | rota=/faturistas/ | status=200 | duracao_ms=7.9
2026-06-09 15:00:50,627 | INFO | nfe_scanner | Requisicao concluida | metodo=GET | rota=/faturistas/ | status=200 | duracao_ms=6.5
2026-06-09 15:00:50,629 | INFO | nfe_scanner | Requisicao concluida | metodo=GET | rota=/notas/ | status=200 | duracao_ms=8.8
2026-06-09 15:00:51,339 | INFO | nfe_scanner | Faturista cadastrado | id=2 | nome=Max
2026-06-09 15:00:51,341 | INFO | nfe_scanner | Requisicao concluida | metodo=POST | rota=/faturistas/ | status=200 | duracao_ms=123.4
2026-06-09 15:00:51,355 | INFO | nfe_scanner | Requisicao concluida | metodo=GET | rota=/faturistas/ | status=200 | duracao_ms=7.8
2026-06-09 15:00:51,357 | INFO | nfe_scanner | Requisicao concluida | metodo=GET | rota=/notas/ | status=200 | duracao_ms=9.9
2026-06-09 15:00:54,622 | INFO | nfe_scanner | Requisicao concluida | metodo=GET | rota=/faturistas/ | status=200 | duracao_ms=6.3
2026-06-09 15:00:54,625 | INFO | nfe_scanner | Requisicao concluida | metodo=GET | rota=/notas/ | status=200 | duracao_ms=9.2
2026-06-09 15:00:58,626 | INFO | nfe_scanner | Requisicao concluida | metodo=GET | rota=/faturistas/ | status=200 | duracao_ms=5.5
2026-06-09 15:00:58,631 | INFO | nfe_scanner | Requisicao concluida | metodo=GET | rota=/notas/ | status=200 | duracao_ms=11.3
2026-06-09 15:01:02,613 | INFO | nfe_scanner | Requisicao concluida | metodo=GET | rota=/faturistas/ | status=200 | duracao_ms=5.0
2026-06-09 15:01:02,614 | INFO | nfe_scanner | Requisicao concluida | metodo=GET | rota=/notas/ | status=200 | duracao_ms=6.7
2026-06-09 15:01:06,610 | INFO | nfe_scanner | Requisicao concluida | metodo=GET | rota=/notas/ | status=200 | duracao_ms=3.8
2026-06-09 15:01:06,614 | INFO | nfe_scanner | Requisicao concluida | metodo=GET | rota=/faturistas/ | status=200 | duracao_ms=8.1
2026-06-09 15:01:10,612 | INFO | nfe_scanner | Requisicao concluida | metodo=GET | rota=/faturistas/ | status=200 | duracao_ms=4.9
2026-06-09 15:01:10,617 | INFO | nfe_scanner | Requisicao concluida | metodo=GET | rota=/notas/ | status=200 | duracao_ms=9.2
2026-06-09 15:01:14,617 | INFO | nfe_scanner | Requisicao concluida | metodo=GET | rota=/faturistas/ | status=200 | duracao_ms=5.5
2026-06-09 15:01:14,620 | INFO | nfe_scanner | Requisicao concluida | metodo=GET | rota=/notas/ | status=200 | duracao_ms=9.9
2026-06-09 15:01:18,621 | INFO | nfe_scanner | Requisicao concluida | metodo=GET | rota=/faturistas/ | status=200 | duracao_ms=7.5
2026-06-09 15:01:18,622 | INFO | nfe_scanner | Requisicao concluida | metodo=GET | rota=/notas/ | status=200 | duracao_ms=9.2
2026-06-09 15:01:22,617 | INFO | nfe_scanner | Requisicao concluida | metodo=GET | rota=/faturistas/ | status=200 | duracao_ms=5.6
2026-06-09 15:01:22,620 | INFO | nfe_scanner | Requisicao concluida | metodo=GET | rota=/notas/ | status=200 | duracao_ms=9.1
2026-06-09 15:01:26,624 | INFO | nfe_scanner | Requisicao concluida | metodo=GET | rota=/faturistas/ | status=200 | duracao_ms=4.2
2026-06-09 15:01:26,631 | INFO | nfe_scanner | Requisicao concluida | metodo=GET | rota=/notas/ | status=200 | duracao_ms=11.8
2026-06-09 15:01:30,621 | INFO | nfe_scanner | Requisicao concluida | metodo=GET | rota=/faturistas/ | status=200 | duracao_ms=6.1
2026-06-09 15:01:30,624 | INFO | nfe_scanner | Requisicao concluida | metodo=GET | rota=/notas/ | status=200 | duracao_ms=9.2
2026-06-09 15:01:34,616 | INFO | nfe_scanner | Requisicao concluida | metodo=GET | rota=/notas/ | status=200 | duracao_ms=6.0
2026-06-09 15:01:34,618 | INFO | nfe_scanner | Requisicao concluida | metodo=GET | rota=/faturistas/ | status=200 | duracao_ms=8.8
2026-06-09 15:01:38,614 | INFO | nfe_scanner | Requisicao concluida | metodo=GET | rota=/faturistas/ | status=200 | duracao_ms=5.8
2026-06-09 15:01:38,616 | INFO | nfe_scanner | Requisicao concluida | metodo=GET | rota=/notas/ | status=200 | duracao_ms=8.6
2026-06-09 15:01:42,620 | INFO | nfe_scanner | Requisicao concluida | metodo=GET | rota=/faturistas/ | status=200 | duracao_ms=7.4
2026-06-09 15:01:42,625 | INFO | nfe_scanner | Requisicao concluida | metodo=GET | rota=/notas/ | status=200 | duracao_ms=14.2
2026-06-09 15:01:46,624 | INFO | nfe_scanner | Requisicao concluida | metodo=GET | rota=/faturistas/ | status=200 | duracao_ms=5.2
2026-06-09 15:01:46,628 | INFO | nfe_scanner | Requisicao concluida | metodo=GET | rota=/notas/ | status=200 | duracao_ms=9.0
2026-06-09 15:01:50,624 | INFO | nfe_scanner | Requisicao concluida | metodo=GET | rota=/faturistas/ | status=200 | duracao_ms=8.4
2026-06-09 15:01:50,626 | INFO | nfe_scanner | Requisicao concluida | metodo=GET | rota=/notas/ | status=200 | duracao_ms=12.0
2026-06-09 15:01:54,621 | INFO | nfe_scanner | Requisicao concluida | metodo=GET | rota=/notas/ | status=200 | duracao_ms=10.3
2026-06-09 15:01:54,624 | INFO | nfe_scanner | Requisicao concluida | metodo=GET | rota=/faturistas/ | status=200 | duracao_ms=11.6
2026-06-09 15:01:58,615 | INFO | nfe_scanner | Requisicao concluida | metodo=GET | rota=/faturistas/ | status=200 | duracao_ms=5.9
2026-06-09 15:01:58,618 | INFO | nfe_scanner | Requisicao concluida | metodo=GET | rota=/notas/ | status=200 | duracao_ms=9.1
2026-06-09 15:02:02,628 | INFO | nfe_scanner | Requisicao concluida | metodo=GET | rota=/notas/ | status=200 | duracao_ms=5.1
2026-06-09 15:02:02,629 | INFO | nfe_scanner | Requisicao concluida | metodo=GET | rota=/faturistas/ | status=200 | duracao_ms=6.7
2026-06-09 15:02:06,615 | INFO | nfe_scanner | Requisicao concluida | metodo=GET | rota=/notas/ | status=200 | duracao_ms=6.6
2026-06-09 15:02:06,621 | INFO | nfe_scanner | Requisicao concluida | metodo=GET | rota=/faturistas/ | status=200 | duracao_ms=12.4
2026-06-09 15:02:10,616 | INFO | nfe_scanner | Requisicao concluida | metodo=GET | rota=/faturistas/ | status=200 | duracao_ms=6.4
2026-06-09 15:02:10,620 | INFO | nfe_scanner | Requisicao concluida | metodo=GET | rota=/notas/ | status=200 | duracao_ms=11.7
2026-06-09 15:02:14,615 | INFO | nfe_scanner | Requisicao concluida | metodo=GET | rota=/faturistas/ | status=200 | duracao_ms=7.1
2026-06-09 15:02:14,616 | INFO | nfe_scanner | Requisicao concluida | metodo=GET | rota=/notas/ | status=200 | duracao_ms=8.5
2026-06-09 15:02:18,624 | INFO | nfe_scanner | Requisicao concluida | metodo=GET | rota=/faturistas/ | status=200 | duracao_ms=6.2
2026-06-09 15:02:18,629 | INFO | nfe_scanner | Requisicao concluida | metodo=GET | rota=/notas/ | status=200 | duracao_ms=12.6
2026-06-09 15:02:22,612 | INFO | nfe_scanner | Requisicao concluida | metodo=GET | rota=/faturistas/ | status=200 | duracao_ms=4.2
2026-06-09 15:02:22,619 | INFO | nfe_scanner | Requisicao concluida | metodo=GET | rota=/notas/ | status=200 | duracao_ms=11.1
2026-06-09 15:02:26,613 | INFO | nfe_scanner | Requisicao concluida | metodo=GET | rota=/notas/ | status=200 | duracao_ms=5.5
2026-06-09 15:02:26,615 | INFO | nfe_scanner | Requisicao concluida | metodo=GET | rota=/faturistas/ | status=200 | duracao_ms=7.0
2026-06-09 15:02:30,614 | INFO | nfe_scanner | Requisicao concluida | metodo=GET | rota=/notas/ | status=200 | duracao_ms=5.8
2026-06-09 15:02:30,616 | INFO | nfe_scanner | Requisicao concluida | metodo=GET | rota=/faturistas/ | status=200 | duracao_ms=7.5
2026-06-09 15:02:34,628 | INFO | nfe_scanner | Requisicao concluida | metodo=GET | rota=/notas/ | status=200 | duracao_ms=9.3
2026-06-09 15:02:34,631 | INFO | nfe_scanner | Requisicao concluida | metodo=GET | rota=/faturistas/ | status=200 | duracao_ms=11.9
2026-06-09 15:02:39,226 | INFO | nfe_scanner | Requisicao concluida | metodo=GET | rota=/faturistas/ | status=200 | duracao_ms=4.6
2026-06-09 15:02:39,232 | INFO | nfe_scanner | Requisicao concluida | metodo=GET | rota=/notas/ | status=200 | duracao_ms=10.5
2026-06-09 15:02:43,240 | INFO | nfe_scanner | Requisicao concluida | metodo=GET | rota=/faturistas/ | status=200 | duracao_ms=7.5
2026-06-09 15:02:43,243 | INFO | nfe_scanner | Requisicao concluida | metodo=GET | rota=/notas/ | status=200 | duracao_ms=11.9
2026-06-09 15:02:47,238 | INFO | nfe_scanner | Requisicao concluida | metodo=GET | rota=/faturistas/ | status=200 | duracao_ms=6.3
2026-06-09 15:02:47,240 | INFO | nfe_scanner | Requisicao concluida | metodo=GET | rota=/notas/ | status=200 | duracao_ms=9.8
2026-06-09 15:02:51,229 | INFO | nfe_scanner | Requisicao concluida | metodo=GET | rota=/faturistas/ | status=200 | duracao_ms=6.6
2026-06-09 15:02:51,230 | INFO | nfe_scanner | Requisicao concluida | metodo=GET | rota=/notas/ | status=200 | duracao_ms=8.7
2026-06-09 15:02:55,240 | INFO | nfe_scanner | Requisicao concluida | metodo=GET | rota=/notas/ | status=200 | duracao_ms=8.1
2026-06-09 15:02:55,241 | INFO | nfe_scanner | Requisicao concluida | metodo=GET | rota=/faturistas/ | status=200 | duracao_ms=8.9
2026-06-09 15:02:59,241 | INFO | nfe_scanner | Requisicao concluida | metodo=GET | rota=/faturistas/ | status=200 | duracao_ms=9.1
2026-06-09 15:02:59,246 | INFO | nfe_scanner | Requisicao concluida | metodo=GET | rota=/notas/ | status=200 | duracao_ms=14.8
2026-06-09 15:03:02,624 | INFO | nfe_scanner | Requisicao concluida | metodo=GET | rota=/notas/ | status=200 | duracao_ms=7.3
2026-06-09 15:03:02,626 | INFO | nfe_scanner | Requisicao concluida | metodo=GET | rota=/faturistas/ | status=200 | duracao_ms=8.8
2026-06-09 15:03:06,630 | INFO | nfe_scanner | Requisicao concluida | metodo=GET | rota=/faturistas/ | status=200 | duracao_ms=7.6
2026-06-09 15:03:06,632 | INFO | nfe_scanner | Requisicao concluida | metodo=GET | rota=/notas/ | status=200 | duracao_ms=9.8
2026-06-09 15:03:10,627 | INFO | nfe_scanner | Requisicao concluida | metodo=GET | rota=/faturistas/ | status=200 | duracao_ms=5.6
2026-06-09 15:03:10,630 | INFO | nfe_scanner | Requisicao concluida | metodo=GET | rota=/notas/ | status=200 | duracao_ms=8.8
2026-06-09 15:03:14,618 | INFO | nfe_scanner | Requisicao concluida | metodo=GET | rota=/faturistas/ | status=200 | duracao_ms=5.4
2026-06-09 15:03:14,622 | INFO | nfe_scanner | Requisicao concluida | metodo=GET | rota=/notas/ | status=200 | duracao_ms=10.3
2026-06-09 15:03:18,618 | INFO | nfe_scanner | Requisicao concluida | metodo=GET | rota=/faturistas/ | status=200 | duracao_ms=5.6
2026-06-09 15:03:18,621 | INFO | nfe_scanner | Requisicao concluida | metodo=GET | rota=/notas/ | status=200 | duracao_ms=10.0
2026-06-09 15:03:22,627 | INFO | nfe_scanner | Requisicao concluida | metodo=GET | rota=/faturistas/ | status=200 | duracao_ms=7.4
2026-06-09 15:03:22,629 | INFO | nfe_scanner | Requisicao concluida | metodo=GET | rota=/notas/ | status=200 | duracao_ms=10.8
2026-06-09 15:03:26,624 | INFO | nfe_scanner | Requisicao concluida | metodo=GET | rota=/faturistas/ | status=200 | duracao_ms=3.9
2026-06-09 15:03:26,630 | INFO | nfe_scanner | Requisicao concluida | metodo=GET | rota=/notas/ | status=200 | duracao_ms=11.2
2026-06-09 15:03:30,615 | INFO | nfe_scanner | Requisicao concluida | metodo=GET | rota=/faturistas/ | status=200 | duracao_ms=5.7
2026-06-09 15:03:30,616 | INFO | nfe_scanner | Requisicao concluida | metodo=GET | rota=/notas/ | status=200 | duracao_ms=7.8
2026-06-09 15:03:34,618 | INFO | nfe_scanner | Requisicao concluida | metodo=GET | rota=/faturistas/ | status=200 | duracao_ms=5.4
2026-06-09 15:03:34,620 | INFO | nfe_scanner | Requisicao concluida | metodo=GET | rota=/notas/ | status=200 | duracao_ms=7.7
2026-06-09 15:03:38,625 | INFO | nfe_scanner | Requisicao concluida | metodo=GET | rota=/faturistas/ | status=200 | duracao_ms=5.3
2026-06-09 15:03:38,628 | INFO | nfe_scanner | Requisicao concluida | metodo=GET | rota=/notas/ | status=200 | duracao_ms=8.8
2026-06-09 15:03:42,625 | INFO | nfe_scanner | Requisicao concluida | metodo=GET | rota=/notas/ | status=200 | duracao_ms=5.3
2026-06-09 15:03:42,627 | INFO | nfe_scanner | Requisicao concluida | metodo=GET | rota=/faturistas/ | status=200 | duracao_ms=7.4
2026-06-09 15:03:46,619 | INFO | nfe_scanner | Requisicao concluida | metodo=GET | rota=/faturistas/ | status=200 | duracao_ms=6.0
2026-06-09 15:03:46,628 | INFO | nfe_scanner | Requisicao concluida | metodo=GET | rota=/notas/ | status=200 | duracao_ms=15.5
2026-06-09 15:03:50,625 | INFO | nfe_scanner | Requisicao concluida | metodo=GET | rota=/faturistas/ | status=200 | duracao_ms=4.3
2026-06-09 15:03:50,628 | INFO | nfe_scanner | Requisicao concluida | metodo=GET | rota=/notas/ | status=200 | duracao_ms=8.1
2026-06-09 15:03:54,611 | INFO | nfe_scanner | Requisicao concluida | metodo=GET | rota=/faturistas/ | status=200 | duracao_ms=5.0
2026-06-09 15:03:54,614 | INFO | nfe_scanner | Requisicao concluida | metodo=GET | rota=/notas/ | status=200 | duracao_ms=8.2
2026-06-09 15:03:58,614 | INFO | nfe_scanner | Requisicao concluida | metodo=GET | rota=/faturistas/ | status=200 | duracao_ms=6.5
2026-06-09 15:03:58,615 | INFO | nfe_scanner | Requisicao concluida | metodo=GET | rota=/notas/ | status=200 | duracao_ms=8.3
2026-06-09 15:04:02,004 | INFO | nfe_scanner.integracao | Consultando API fiscal | chave=312606...161708
2026-06-09 15:04:02,302 | INFO | nfe_scanner.integracao | API fiscal respondeu | chave=312606...161708 | status=200 | bytes=4744
2026-06-09 15:04:02,310 | INFO | nfe_scanner.integracao | Nota fiscal consultada | chave=312606...161708 | numero=277620 | fornecedor=Vale S.A.
2026-06-09 15:04:02,311 | INFO | nfe_scanner | Leitura concluida | chave=312606...161708 | numero=277620
2026-06-09 15:04:02,320 | INFO | nfe_scanner | Requisicao concluida | metodo=POST | rota=/barcode-nf/ | status=200 | duracao_ms=335.2
2026-06-09 15:04:02,632 | INFO | nfe_scanner | Requisicao concluida | metodo=GET | rota=/notas/ | status=200 | duracao_ms=7.3
2026-06-09 15:04:02,635 | INFO | nfe_scanner | Requisicao concluida | metodo=GET | rota=/faturistas/ | status=200 | duracao_ms=10.4
2026-06-09 15:04:06,614 | INFO | nfe_scanner | Requisicao concluida | metodo=GET | rota=/faturistas/ | status=200 | duracao_ms=6.7
2026-06-09 15:04:06,621 | INFO | nfe_scanner | Requisicao concluida | metodo=GET | rota=/notas/ | status=200 | duracao_ms=14.5
2026-06-09 15:04:10,616 | INFO | nfe_scanner | Requisicao concluida | metodo=GET | rota=/notas/ | status=200 | duracao_ms=3.5
2026-06-09 15:04:10,625 | INFO | nfe_scanner | Requisicao concluida | metodo=GET | rota=/faturistas/ | status=200 | duracao_ms=6.1
2026-06-09 15:04:14,619 | INFO | nfe_scanner | Requisicao concluida | metodo=GET | rota=/faturistas/ | status=200 | duracao_ms=5.0
2026-06-09 15:04:14,624 | INFO | nfe_scanner | Requisicao concluida | metodo=GET | rota=/notas/ | status=200 | duracao_ms=9.5
2026-06-09 15:04:18,624 | INFO | nfe_scanner | Requisicao concluida | metodo=GET | rota=/faturistas/ | status=200 | duracao_ms=5.6
2026-06-09 15:04:18,626 | INFO | nfe_scanner | Requisicao concluida | metodo=GET | rota=/notas/ | status=200 | duracao_ms=7.7
2026-06-09 15:04:22,616 | INFO | nfe_scanner | Requisicao concluida | metodo=GET | rota=/notas/ | status=200 | duracao_ms=8.3
2026-06-09 15:04:22,617 | INFO | nfe_scanner | Requisicao concluida | metodo=GET | rota=/faturistas/ | status=200 | duracao_ms=9.7
2026-06-09 15:04:26,615 | INFO | nfe_scanner | Requisicao concluida | metodo=GET | rota=/notas/ | status=200 | duracao_ms=5.6
2026-06-09 15:04:26,617 | INFO | nfe_scanner | Requisicao concluida | metodo=GET | rota=/faturistas/ | status=200 | duracao_ms=6.8
2026-06-09 15:04:30,208 | INFO | nfe_scanner | Nota cadastrada | id=7 | numero=277620 | centro_custo=A1BR/PRU
2026-06-09 15:04:30,211 | INFO | nfe_scanner | Requisicao concluida | metodo=POST | rota=/notas/ | status=200 | duracao_ms=46.6
2026-06-09 15:04:30,238 | INFO | nfe_scanner | Requisicao concluida | metodo=GET | rota=/notas/ | status=200 | duracao_ms=21.9
2026-06-09 15:04:30,239 | INFO | nfe_scanner | Requisicao concluida | metodo=GET | rota=/faturistas/ | status=200 | duracao_ms=22.8
2026-06-09 15:04:30,626 | INFO | nfe_scanner | Requisicao concluida | metodo=GET | rota=/faturistas/ | status=200 | duracao_ms=5.9
2026-06-09 15:04:30,629 | INFO | nfe_scanner | Requisicao concluida | metodo=GET | rota=/notas/ | status=200 | duracao_ms=10.1
2026-06-09 15:04:34,628 | INFO | nfe_scanner | Requisicao concluida | metodo=GET | rota=/faturistas/ | status=200 | duracao_ms=4.1
2026-06-09 15:04:34,634 | INFO | nfe_scanner | Requisicao concluida | metodo=GET | rota=/notas/ | status=200 | duracao_ms=10.1
2026-06-09 15:04:38,614 | INFO | nfe_scanner | Requisicao concluida | metodo=GET | rota=/faturistas/ | status=200 | duracao_ms=6.1
2026-06-09 15:04:38,619 | INFO | nfe_scanner | Requisicao concluida | metodo=GET | rota=/notas/ | status=200 | duracao_ms=11.2
2026-06-09 15:04:42,621 | INFO | nfe_scanner | Requisicao concluida | metodo=GET | rota=/faturistas/ | status=200 | duracao_ms=8.3
2026-06-09 15:04:42,624 | INFO | nfe_scanner | Requisicao concluida | metodo=GET | rota=/notas/ | status=200 | duracao_ms=12.4
2026-06-09 15:04:46,625 | INFO | nfe_scanner | Requisicao concluida | metodo=GET | rota=/notas/ | status=200 | duracao_ms=6.8
2026-06-09 15:04:46,627 | INFO | nfe_scanner | Requisicao concluida | metodo=GET | rota=/faturistas/ | status=200 | duracao_ms=6.8
2026-06-09 15:04:50,624 | INFO | nfe_scanner | Requisicao concluida | metodo=GET | rota=/faturistas/ | status=200 | duracao_ms=5.4
2026-06-09 15:04:50,626 | INFO | nfe_scanner | Requisicao concluida | metodo=GET | rota=/notas/ | status=200 | duracao_ms=8.9
2026-06-09 15:04:54,620 | INFO | nfe_scanner | Requisicao concluida | metodo=GET | rota=/faturistas/ | status=200 | duracao_ms=3.7
2026-06-09 15:04:54,638 | INFO | nfe_scanner | Requisicao concluida | metodo=GET | rota=/notas/ | status=200 | duracao_ms=22.3
2026-06-09 15:04:58,618 | INFO | nfe_scanner | Requisicao concluida | metodo=GET | rota=/faturistas/ | status=200 | duracao_ms=6.7
2026-06-09 15:04:58,620 | INFO | nfe_scanner | Requisicao concluida | metodo=GET | rota=/notas/ | status=200 | duracao_ms=8.2
2026-06-09 15:05:02,614 | INFO | nfe_scanner | Requisicao concluida | metodo=GET | rota=/faturistas/ | status=200 | duracao_ms=6.0
2026-06-09 15:05:02,617 | INFO | nfe_scanner | Requisicao concluida | metodo=GET | rota=/notas/ | status=200 | duracao_ms=9.2
2026-06-09 15:05:06,618 | INFO | nfe_scanner | Requisicao concluida | metodo=GET | rota=/notas/ | status=200 | duracao_ms=8.7
2026-06-09 15:05:06,619 | INFO | nfe_scanner | Requisicao concluida | metodo=GET | rota=/faturistas/ | status=200 | duracao_ms=10.3
2026-06-09 15:05:10,614 | INFO | nfe_scanner | Requisicao concluida | metodo=GET | rota=/faturistas/ | status=200 | duracao_ms=3.5
2026-06-09 15:05:10,619 | INFO | nfe_scanner | Requisicao concluida | metodo=GET | rota=/notas/ | status=200 | duracao_ms=8.5
2026-06-09 15:05:14,617 | INFO | nfe_scanner | Requisicao concluida | metodo=GET | rota=/notas/ | status=200 | duracao_ms=6.7
2026-06-09 15:05:14,624 | INFO | nfe_scanner | Requisicao concluida | metodo=GET | rota=/faturistas/ | status=200 | duracao_ms=10.0
2026-06-09 15:05:18,637 | INFO | nfe_scanner | Requisicao concluida | metodo=GET | rota=/faturistas/ | status=200 | duracao_ms=9.5
2026-06-09 15:05:18,643 | INFO | nfe_scanner | Requisicao concluida | metodo=GET | rota=/notas/ | status=200 | duracao_ms=15.8
2026-06-09 15:05:22,614 | INFO | nfe_scanner | Requisicao concluida | metodo=GET | rota=/faturistas/ | status=200 | duracao_ms=5.8
2026-06-09 15:05:22,617 | INFO | nfe_scanner | Requisicao concluida | metodo=GET | rota=/notas/ | status=200 | duracao_ms=8.5
2026-06-09 15:05:26,616 | INFO | nfe_scanner | Requisicao concluida | metodo=GET | rota=/notas/ | status=200 | duracao_ms=5.3
2026-06-09 15:05:26,621 | INFO | nfe_scanner | Requisicao concluida | metodo=GET | rota=/faturistas/ | status=200 | duracao_ms=9.6
2026-06-09 15:05:30,620 | INFO | nfe_scanner | Requisicao concluida | metodo=GET | rota=/faturistas/ | status=200 | duracao_ms=7.4
2026-06-09 15:05:30,623 | INFO | nfe_scanner | Requisicao concluida | metodo=GET | rota=/notas/ | status=200 | duracao_ms=10.3
2026-06-09 15:05:34,615 | INFO | nfe_scanner | Requisicao concluida | metodo=GET | rota=/faturistas/ | status=200 | duracao_ms=6.0
2026-06-09 15:05:34,618 | INFO | nfe_scanner | Requisicao concluida | metodo=GET | rota=/notas/ | status=200 | duracao_ms=8.9
2026-06-09 15:05:36,003 | INFO | nfe_scanner | Nota atualizada | id=3 | numero=MASSA-003 | centro_custo=A1BR/PRU
2026-06-09 15:05:36,005 | INFO | nfe_scanner | Requisicao concluida | metodo=PUT | rota=/notas/3/ | status=200 | duracao_ms=47.8
2026-06-09 15:05:36,015 | INFO | nfe_scanner | Requisicao concluida | metodo=GET | rota=/faturistas/ | status=200 | duracao_ms=5.6
2026-06-09 15:05:36,017 | INFO | nfe_scanner | Requisicao concluida | metodo=GET | rota=/notas/ | status=200 | duracao_ms=7.6
2026-06-09 15:05:38,625 | INFO | nfe_scanner | Requisicao concluida | metodo=GET | rota=/notas/ | status=200 | duracao_ms=6.8
2026-06-09 15:05:38,628 | INFO | nfe_scanner | Requisicao concluida | metodo=GET | rota=/faturistas/ | status=200 | duracao_ms=8.4
2026-06-09 15:05:42,612 | INFO | nfe_scanner | Requisicao concluida | metodo=GET | rota=/faturistas/ | status=200 | duracao_ms=4.1
2026-06-09 15:05:42,618 | INFO | nfe_scanner | Requisicao concluida | metodo=GET | rota=/notas/ | status=200 | duracao_ms=11.5
2026-06-09 15:05:46,623 | INFO | nfe_scanner | Requisicao concluida | metodo=GET | rota=/notas/ | status=200 | duracao_ms=9.8
2026-06-09 15:05:46,625 | INFO | nfe_scanner | Requisicao concluida | metodo=GET | rota=/faturistas/ | status=200 | duracao_ms=10.7
2026-06-09 15:05:50,145 | INFO | nfe_scanner | Nota atualizada | id=4 | numero=MASSA-004 | centro_custo=A1BR/PRU
2026-06-09 15:05:50,147 | INFO | nfe_scanner | Requisicao concluida | metodo=PUT | rota=/notas/4/ | status=200 | duracao_ms=14.0
2026-06-09 15:05:50,159 | INFO | nfe_scanner | Requisicao concluida | metodo=GET | rota=/notas/ | status=200 | duracao_ms=6.8
2026-06-09 15:05:50,161 | INFO | nfe_scanner | Requisicao concluida | metodo=GET | rota=/faturistas/ | status=200 | duracao_ms=7.6
2026-06-09 15:05:50,622 | INFO | nfe_scanner | Requisicao concluida | metodo=GET | rota=/notas/ | status=200 | duracao_ms=9.7
2026-06-09 15:05:50,623 | INFO | nfe_scanner | Requisicao concluida | metodo=GET | rota=/faturistas/ | status=200 | duracao_ms=10.4
2026-06-09 15:05:54,613 | INFO | nfe_scanner | Requisicao concluida | metodo=GET | rota=/faturistas/ | status=200 | duracao_ms=6.5
2026-06-09 15:05:54,616 | INFO | nfe_scanner | Requisicao concluida | metodo=GET | rota=/notas/ | status=200 | duracao_ms=8.9
2026-06-09 15:05:58,354 | INFO | nfe_scanner | Nota atualizada | id=5 | numero=MASSA-005 | centro_custo=A2BR
2026-06-09 15:05:58,357 | INFO | nfe_scanner | Requisicao concluida | metodo=PUT | rota=/notas/5/ | status=200 | duracao_ms=17.2
2026-06-09 15:05:58,366 | INFO | nfe_scanner | Requisicao concluida | metodo=GET | rota=/notas/ | status=200 | duracao_ms=4.6
2026-06-09 15:05:58,367 | INFO | nfe_scanner | Requisicao concluida | metodo=GET | rota=/faturistas/ | status=200 | duracao_ms=5.1
2026-06-09 15:05:58,626 | INFO | nfe_scanner | Requisicao concluida | metodo=GET | rota=/faturistas/ | status=200 | duracao_ms=6.8
2026-06-09 15:05:58,627 | INFO | nfe_scanner | Requisicao concluida | metodo=GET | rota=/notas/ | status=200 | duracao_ms=8.3
2026-06-09 15:06:02,615 | INFO | nfe_scanner | Requisicao concluida | metodo=GET | rota=/notas/ | status=200 | duracao_ms=5.1
2026-06-09 15:06:02,617 | INFO | nfe_scanner | Requisicao concluida | metodo=GET | rota=/faturistas/ | status=200 | duracao_ms=6.9
2026-06-09 15:06:06,619 | INFO | nfe_scanner | Requisicao concluida | metodo=GET | rota=/faturistas/ | status=200 | duracao_ms=6.2
2026-06-09 15:06:06,621 | INFO | nfe_scanner | Requisicao concluida | metodo=GET | rota=/notas/ | status=200 | duracao_ms=9.5
2026-06-09 15:06:09,191 | INFO | nfe_scanner | Nota atualizada | id=6 | numero=MASSA-006 | centro_custo=A2BR
2026-06-09 15:06:09,193 | INFO | nfe_scanner | Requisicao concluida | metodo=PUT | rota=/notas/6/ | status=200 | duracao_ms=13.6
2026-06-09 15:06:09,201 | INFO | nfe_scanner | Requisicao concluida | metodo=GET | rota=/notas/ | status=200 | duracao_ms=3.8
2026-06-09 15:06:09,202 | INFO | nfe_scanner | Requisicao concluida | metodo=GET | rota=/faturistas/ | status=200 | duracao_ms=4.4
2026-06-09 15:06:10,626 | INFO | nfe_scanner | Requisicao concluida | metodo=GET | rota=/faturistas/ | status=200 | duracao_ms=5.5
2026-06-09 15:06:10,629 | INFO | nfe_scanner | Requisicao concluida | metodo=GET | rota=/notas/ | status=200 | duracao_ms=8.3
2026-06-09 15:06:14,615 | INFO | nfe_scanner | Requisicao concluida | metodo=GET | rota=/faturistas/ | status=200 | duracao_ms=6.9
2026-06-09 15:06:14,618 | INFO | nfe_scanner | Requisicao concluida | metodo=GET | rota=/notas/ | status=200 | duracao_ms=10.6
2026-06-09 15:06:18,614 | INFO | nfe_scanner | Requisicao concluida | metodo=GET | rota=/notas/ | status=200 | duracao_ms=7.3
2026-06-09 15:06:18,618 | INFO | nfe_scanner | Requisicao concluida | metodo=GET | rota=/faturistas/ | status=200 | duracao_ms=10.9
2026-06-09 15:06:22,611 | INFO | nfe_scanner | Requisicao concluida | metodo=GET | rota=/notas/ | status=200 | duracao_ms=4.8
2026-06-09 15:06:22,614 | INFO | nfe_scanner | Requisicao concluida | metodo=GET | rota=/faturistas/ | status=200 | duracao_ms=6.8
2026-06-09 15:06:26,631 | INFO | nfe_scanner | Requisicao concluida | metodo=GET | rota=/faturistas/ | status=200 | duracao_ms=6.4
2026-06-09 15:06:26,634 | INFO | nfe_scanner | Requisicao concluida | metodo=GET | rota=/notas/ | status=200 | duracao_ms=9.5
2026-06-09 15:06:30,615 | INFO | nfe_scanner | Requisicao concluida | metodo=GET | rota=/faturistas/ | status=200 | duracao_ms=5.8
2026-06-09 15:06:30,617 | INFO | nfe_scanner | Requisicao concluida | metodo=GET | rota=/notas/ | status=200 | duracao_ms=8.1
2026-06-09 15:06:34,615 | INFO | nfe_scanner | Requisicao concluida | metodo=GET | rota=/notas/ | status=200 | duracao_ms=7.0
2026-06-09 15:06:34,618 | INFO | nfe_scanner | Requisicao concluida | metodo=GET | rota=/faturistas/ | status=200 | duracao_ms=9.4
2026-06-09 15:06:38,630 | INFO | nfe_scanner | Requisicao concluida | metodo=GET | rota=/faturistas/ | status=200 | duracao_ms=6.3
2026-06-09 15:06:38,633 | INFO | nfe_scanner | Requisicao concluida | metodo=GET | rota=/notas/ | status=200 | duracao_ms=9.9
2026-06-09 15:06:42,630 | INFO | nfe_scanner | Requisicao concluida | metodo=GET | rota=/notas/ | status=200 | duracao_ms=9.5
2026-06-09 15:06:42,634 | INFO | nfe_scanner | Requisicao concluida | metodo=GET | rota=/faturistas/ | status=200 | duracao_ms=12.6
2026-06-09 15:06:46,611 | INFO | nfe_scanner | Requisicao concluida | metodo=GET | rota=/notas/ | status=200 | duracao_ms=4.3
2026-06-09 15:06:46,620 | INFO | nfe_scanner | Requisicao concluida | metodo=GET | rota=/faturistas/ | status=200 | duracao_ms=13.4
2026-06-09 15:06:51,258 | INFO | nfe_scanner | Requisicao concluida | metodo=GET | rota=/faturistas/ | status=200 | duracao_ms=15.0
2026-06-09 15:06:51,262 | INFO | nfe_scanner | Requisicao concluida | metodo=GET | rota=/notas/ | status=200 | duracao_ms=21.2
2026-06-09 15:06:54,622 | INFO | nfe_scanner | Requisicao concluida | metodo=GET | rota=/faturistas/ | status=200 | duracao_ms=5.8
2026-06-09 15:06:54,626 | INFO | nfe_scanner | Requisicao concluida | metodo=GET | rota=/notas/ | status=200 | duracao_ms=11.1
2026-06-09 15:06:58,628 | INFO | nfe_scanner | Requisicao concluida | metodo=GET | rota=/notas/ | status=200 | duracao_ms=7.1
2026-06-09 15:06:58,629 | INFO | nfe_scanner | Requisicao concluida | metodo=GET | rota=/faturistas/ | status=200 | duracao_ms=7.6
2026-06-09 15:07:02,628 | INFO | nfe_scanner | Requisicao concluida | metodo=GET | rota=/faturistas/ | status=200 | duracao_ms=5.7
2026-06-09 15:07:02,631 | INFO | nfe_scanner | Requisicao concluida | metodo=GET | rota=/notas/ | status=200 | duracao_ms=8.2
2026-06-09 15:07:06,624 | INFO | nfe_scanner | Requisicao concluida | metodo=GET | rota=/notas/ | status=200 | duracao_ms=3.6
2026-06-09 15:07:06,632 | INFO | nfe_scanner | Requisicao concluida | metodo=GET | rota=/faturistas/ | status=200 | duracao_ms=4.7
2026-06-09 15:07:10,613 | INFO | nfe_scanner | Requisicao concluida | metodo=GET | rota=/faturistas/ | status=200 | duracao_ms=4.9
2026-06-09 15:07:10,618 | INFO | nfe_scanner | Requisicao concluida | metodo=GET | rota=/notas/ | status=200 | duracao_ms=10.5
2026-06-09 15:07:14,616 | INFO | nfe_scanner | Requisicao concluida | metodo=GET | rota=/faturistas/ | status=200 | duracao_ms=3.0
2026-06-09 15:07:14,619 | INFO | nfe_scanner | Requisicao concluida | metodo=GET | rota=/notas/ | status=200 | duracao_ms=10.4
2026-06-09 15:07:18,625 | INFO | nfe_scanner | Requisicao concluida | metodo=GET | rota=/faturistas/ | status=200 | duracao_ms=6.6
2026-06-09 15:07:18,628 | INFO | nfe_scanner | Requisicao concluida | metodo=GET | rota=/notas/ | status=200 | duracao_ms=9.7
2026-06-09 15:07:22,629 | INFO | nfe_scanner | Requisicao concluida | metodo=GET | rota=/faturistas/ | status=200 | duracao_ms=7.4
2026-06-09 15:07:22,631 | INFO | nfe_scanner | Requisicao concluida | metodo=GET | rota=/notas/ | status=200 | duracao_ms=10.6
2026-06-09 15:07:26,619 | INFO | nfe_scanner | Requisicao concluida | metodo=GET | rota=/faturistas/ | status=200 | duracao_ms=4.7
2026-06-09 15:07:26,623 | INFO | nfe_scanner | Requisicao concluida | metodo=GET | rota=/notas/ | status=200 | duracao_ms=11.8
2026-06-09 15:07:30,624 | INFO | nfe_scanner | Requisicao concluida | metodo=GET | rota=/faturistas/ | status=200 | duracao_ms=6.2
2026-06-09 15:07:30,628 | INFO | nfe_scanner | Requisicao concluida | metodo=GET | rota=/notas/ | status=200 | duracao_ms=11.1
2026-06-09 15:07:34,616 | INFO | nfe_scanner | Requisicao concluida | metodo=GET | rota=/notas/ | status=200 | duracao_ms=5.7
2026-06-09 15:07:34,617 | INFO | nfe_scanner | Requisicao concluida | metodo=GET | rota=/faturistas/ | status=200 | duracao_ms=6.9
2026-06-09 15:07:38,623 | INFO | nfe_scanner | Requisicao concluida | metodo=GET | rota=/faturistas/ | status=200 | duracao_ms=3.9
2026-06-09 15:07:38,629 | INFO | nfe_scanner | Requisicao concluida | metodo=GET | rota=/notas/ | status=200 | duracao_ms=11.4
2026-06-09 15:07:42,625 | INFO | nfe_scanner | Requisicao concluida | metodo=GET | rota=/faturistas/ | status=200 | duracao_ms=4.7
2026-06-09 15:07:42,627 | INFO | nfe_scanner | Requisicao concluida | metodo=GET | rota=/notas/ | status=200 | duracao_ms=7.6
2026-06-09 15:07:46,613 | INFO | nfe_scanner | Requisicao concluida | metodo=GET | rota=/faturistas/ | status=200 | duracao_ms=5.2
2026-06-09 15:07:46,617 | INFO | nfe_scanner | Requisicao concluida | metodo=GET | rota=/notas/ | status=200 | duracao_ms=8.9
2026-06-09 15:07:50,630 | INFO | nfe_scanner | Requisicao concluida | metodo=GET | rota=/faturistas/ | status=200 | duracao_ms=5.4
2026-06-09 15:07:50,633 | INFO | nfe_scanner | Requisicao concluida | metodo=GET | rota=/notas/ | status=200 | duracao_ms=10.3
2026-06-09 15:07:54,623 | INFO | nfe_scanner | Requisicao concluida | metodo=GET | rota=/faturistas/ | status=200 | duracao_ms=5.8
2026-06-09 15:07:54,626 | INFO | nfe_scanner | Requisicao concluida | metodo=GET | rota=/notas/ | status=200 | duracao_ms=9.4
2026-06-09 15:07:58,623 | INFO | nfe_scanner | Requisicao concluida | metodo=GET | rota=/faturistas/ | status=200 | duracao_ms=6.5
2026-06-09 15:07:58,627 | INFO | nfe_scanner | Requisicao concluida | metodo=GET | rota=/notas/ | status=200 | duracao_ms=11.6
2026-06-09 15:08:02,623 | INFO | nfe_scanner | Requisicao concluida | metodo=GET | rota=/faturistas/ | status=200 | duracao_ms=5.6
2026-06-09 15:08:02,628 | INFO | nfe_scanner | Requisicao concluida | metodo=GET | rota=/notas/ | status=200 | duracao_ms=11.0
2026-06-09 15:08:06,634 | INFO | nfe_scanner | Requisicao concluida | metodo=GET | rota=/notas/ | status=200 | duracao_ms=6.0
2026-06-09 15:08:06,635 | INFO | nfe_scanner | Requisicao concluida | metodo=GET | rota=/faturistas/ | status=200 | duracao_ms=7.4
2026-06-09 15:08:10,617 | INFO | nfe_scanner | Requisicao concluida | metodo=GET | rota=/notas/ | status=200 | duracao_ms=6.5
2026-06-09 15:08:10,622 | INFO | nfe_scanner | Requisicao concluida | metodo=GET | rota=/faturistas/ | status=200 | duracao_ms=10.1
2026-06-09 15:08:14,624 | INFO | nfe_scanner | Requisicao concluida | metodo=GET | rota=/notas/ | status=200 | duracao_ms=7.3
2026-06-09 15:08:14,625 | INFO | nfe_scanner | Requisicao concluida | metodo=GET | rota=/faturistas/ | status=200 | duracao_ms=6.5
2026-06-09 15:08:18,623 | INFO | nfe_scanner | Requisicao concluida | metodo=GET | rota=/faturistas/ | status=200 | duracao_ms=5.2
2026-06-09 15:08:18,626 | INFO | nfe_scanner | Requisicao concluida | metodo=GET | rota=/notas/ | status=200 | duracao_ms=8.6
2026-06-09 15:08:22,632 | INFO | nfe_scanner | Requisicao concluida | metodo=GET | rota=/notas/ | status=200 | duracao_ms=7.6
2026-06-09 15:08:22,637 | INFO | nfe_scanner | Requisicao concluida | metodo=GET | rota=/faturistas/ | status=200 | duracao_ms=11.9
2026-06-09 15:08:26,618 | INFO | nfe_scanner | Requisicao concluida | metodo=GET | rota=/faturistas/ | status=200 | duracao_ms=4.0
2026-06-09 15:08:26,620 | INFO | nfe_scanner | Requisicao concluida | metodo=GET | rota=/notas/ | status=200 | duracao_ms=8.7
2026-06-09 15:08:30,615 | INFO | nfe_scanner | Requisicao concluida | metodo=GET | rota=/notas/ | status=200 | duracao_ms=6.6
2026-06-09 15:08:30,618 | INFO | nfe_scanner | Requisicao concluida | metodo=GET | rota=/faturistas/ | status=200 | duracao_ms=9.5
2026-06-09 15:08:31,171 | INFO | nfe_scanner | Faturista atualizado | id=2 | nome=Max | ativo=False
2026-06-09 15:08:31,174 | INFO | nfe_scanner | Requisicao concluida | metodo=PUT | rota=/faturistas/2/ | status=200 | duracao_ms=28.2
2026-06-09 15:08:31,187 | INFO | nfe_scanner | Requisicao concluida | metodo=GET | rota=/notas/ | status=200 | duracao_ms=7.7
2026-06-09 15:08:31,189 | INFO | nfe_scanner | Requisicao concluida | metodo=GET | rota=/faturistas/ | status=200 | duracao_ms=9.3
2026-06-09 15:08:33,472 | INFO | nfe_scanner | Faturista atualizado | id=2 | nome=Max | ativo=True
2026-06-09 15:08:33,474 | INFO | nfe_scanner | Requisicao concluida | metodo=PUT | rota=/faturistas/2/ | status=200 | duracao_ms=16.9
2026-06-09 15:08:33,494 | INFO | nfe_scanner | Requisicao concluida | metodo=GET | rota=/faturistas/ | status=200 | duracao_ms=9.2
2026-06-09 15:08:33,495 | INFO | nfe_scanner | Requisicao concluida | metodo=GET | rota=/notas/ | status=200 | duracao_ms=12.2
2026-06-09 15:08:34,616 | INFO | nfe_scanner | Requisicao concluida | metodo=GET | rota=/faturistas/ | status=200 | duracao_ms=6.7
2026-06-09 15:08:34,619 | INFO | nfe_scanner | Requisicao concluida | metodo=GET | rota=/notas/ | status=200 | duracao_ms=9.8
2026-06-09 15:08:38,627 | INFO | nfe_scanner | Requisicao concluida | metodo=GET | rota=/faturistas/ | status=200 | duracao_ms=4.5
2026-06-09 15:08:38,634 | INFO | nfe_scanner | Requisicao concluida | metodo=GET | rota=/notas/ | status=200 | duracao_ms=10.8
2026-06-09 15:08:42,631 | INFO | nfe_scanner | Requisicao concluida | metodo=GET | rota=/notas/ | status=200 | duracao_ms=6.2
2026-06-09 15:08:42,634 | INFO | nfe_scanner | Requisicao concluida | metodo=GET | rota=/faturistas/ | status=200 | duracao_ms=9.0
2026-06-09 15:08:46,614 | INFO | nfe_scanner | Requisicao concluida | metodo=GET | rota=/faturistas/ | status=200 | duracao_ms=6.1
2026-06-09 15:08:46,618 | INFO | nfe_scanner | Requisicao concluida | metodo=GET | rota=/notas/ | status=200 | duracao_ms=9.9
2026-06-09 15:08:50,621 | INFO | nfe_scanner | Requisicao concluida | metodo=GET | rota=/faturistas/ | status=200 | duracao_ms=6.0
2026-06-09 15:08:50,625 | INFO | nfe_scanner | Requisicao concluida | metodo=GET | rota=/notas/ | status=200 | duracao_ms=11.1
2026-06-09 15:08:54,626 | INFO | nfe_scanner | Requisicao concluida | metodo=GET | rota=/notas/ | status=200 | duracao_ms=7.7
2026-06-09 15:08:54,628 | INFO | nfe_scanner | Requisicao concluida | metodo=GET | rota=/faturistas/ | status=200 | duracao_ms=9.1
2026-06-09 15:08:58,620 | INFO | nfe_scanner | Requisicao concluida | metodo=GET | rota=/faturistas/ | status=200 | duracao_ms=6.3
2026-06-09 15:08:58,624 | INFO | nfe_scanner | Requisicao concluida | metodo=GET | rota=/notas/ | status=200 | duracao_ms=11.0
2026-06-09 15:09:02,626 | INFO | nfe_scanner | Requisicao concluida | metodo=GET | rota=/faturistas/ | status=200 | duracao_ms=7.0
2026-06-09 15:09:02,628 | INFO | nfe_scanner | Requisicao concluida | metodo=GET | rota=/notas/ | status=200 | duracao_ms=10.5
2026-06-09 15:09:06,627 | INFO | nfe_scanner | Requisicao concluida | metodo=GET | rota=/faturistas/ | status=200 | duracao_ms=5.6
2026-06-09 15:09:06,631 | INFO | nfe_scanner | Requisicao concluida | metodo=GET | rota=/notas/ | status=200 | duracao_ms=9.3
2026-06-09 15:09:10,613 | INFO | nfe_scanner | Requisicao concluida | metodo=GET | rota=/notas/ | status=200 | duracao_ms=6.6
2026-06-09 15:09:10,617 | INFO | nfe_scanner | Requisicao concluida | metodo=GET | rota=/faturistas/ | status=200 | duracao_ms=9.8
2026-06-09 15:09:14,613 | INFO | nfe_scanner | Requisicao concluida | metodo=GET | rota=/faturistas/ | status=200 | duracao_ms=4.2
2026-06-09 15:09:14,618 | INFO | nfe_scanner | Requisicao concluida | metodo=GET | rota=/notas/ | status=200 | duracao_ms=9.3
2026-06-09 15:09:19,262 | INFO | nfe_scanner | Requisicao concluida | metodo=GET | rota=/notas/ | status=200 | duracao_ms=25.3
2026-06-09 15:09:19,263 | INFO | nfe_scanner | Requisicao concluida | metodo=GET | rota=/faturistas/ | status=200 | duracao_ms=25.7
2026-06-09 15:09:23,236 | INFO | nfe_scanner | Requisicao concluida | metodo=GET | rota=/faturistas/ | status=200 | duracao_ms=4.1
2026-06-09 15:09:23,237 | INFO | nfe_scanner | Requisicao concluida | metodo=GET | rota=/notas/ | status=200 | duracao_ms=6.2
2026-06-09 15:09:27,237 | INFO | nfe_scanner | Requisicao concluida | metodo=GET | rota=/faturistas/ | status=200 | duracao_ms=6.2
2026-06-09 15:09:27,239 | INFO | nfe_scanner | Requisicao concluida | metodo=GET | rota=/notas/ | status=200 | duracao_ms=8.6
2026-06-09 15:09:31,231 | INFO | nfe_scanner | Requisicao concluida | metodo=GET | rota=/notas/ | status=200 | duracao_ms=4.3
2026-06-09 15:09:31,232 | INFO | nfe_scanner | Requisicao concluida | metodo=GET | rota=/faturistas/ | status=200 | duracao_ms=4.6
2026-06-09 15:09:35,245 | INFO | nfe_scanner | Requisicao concluida | metodo=GET | rota=/faturistas/ | status=200 | duracao_ms=5.1
2026-06-09 15:09:35,250 | INFO | nfe_scanner | Requisicao concluida | metodo=GET | rota=/notas/ | status=200 | duracao_ms=10.4
2026-06-09 15:09:39,227 | INFO | nfe_scanner | Requisicao concluida | metodo=GET | rota=/notas/ | status=200 | duracao_ms=5.0
2026-06-09 15:09:39,229 | INFO | nfe_scanner | Requisicao concluida | metodo=GET | rota=/faturistas/ | status=200 | duracao_ms=5.7
2026-06-09 15:09:43,234 | INFO | nfe_scanner | Requisicao concluida | metodo=GET | rota=/notas/ | status=200 | duracao_ms=2.9
2026-06-09 15:09:43,235 | INFO | nfe_scanner | Requisicao concluida | metodo=GET | rota=/faturistas/ | status=200 | duracao_ms=4.2
2026-06-09 15:09:47,232 | INFO | nfe_scanner | Requisicao concluida | metodo=GET | rota=/notas/ | status=200 | duracao_ms=5.3
2026-06-09 15:09:47,233 | INFO | nfe_scanner | Requisicao concluida | metodo=GET | rota=/faturistas/ | status=200 | duracao_ms=4.8
2026-06-09 15:09:51,239 | INFO | nfe_scanner | Requisicao concluida | metodo=GET | rota=/notas/ | status=200 | duracao_ms=6.5
2026-06-09 15:09:51,240 | INFO | nfe_scanner | Requisicao concluida | metodo=GET | rota=/faturistas/ | status=200 | duracao_ms=7.6
2026-06-09 15:09:55,237 | INFO | nfe_scanner | Requisicao concluida | metodo=GET | rota=/notas/ | status=200 | duracao_ms=12.9
2026-06-09 15:09:55,242 | INFO | nfe_scanner | Requisicao concluida | metodo=GET | rota=/faturistas/ | status=200 | duracao_ms=16.3
2026-06-09 15:09:59,232 | INFO | nfe_scanner | Requisicao concluida | metodo=GET | rota=/faturistas/ | status=200 | duracao_ms=5.8
2026-06-09 15:09:59,234 | INFO | nfe_scanner | Requisicao concluida | metodo=GET | rota=/notas/ | status=200 | duracao_ms=8.5
2026-06-09 15:10:03,230 | INFO | nfe_scanner | Requisicao concluida | metodo=GET | rota=/faturistas/ | status=200 | duracao_ms=3.4
2026-06-09 15:10:03,231 | INFO | nfe_scanner | Requisicao concluida | metodo=GET | rota=/notas/ | status=200 | duracao_ms=5.0
2026-06-09 15:10:07,226 | INFO | nfe_scanner | Requisicao concluida | metodo=GET | rota=/faturistas/ | status=200 | duracao_ms=7.0
2026-06-09 15:10:07,229 | INFO | nfe_scanner | Requisicao concluida | metodo=GET | rota=/notas/ | status=200 | duracao_ms=10.6
2026-06-09 15:10:11,229 | INFO | nfe_scanner | Requisicao concluida | metodo=GET | rota=/notas/ | status=200 | duracao_ms=7.1
2026-06-09 15:10:11,230 | INFO | nfe_scanner | Requisicao concluida | metodo=GET | rota=/faturistas/ | status=200 | duracao_ms=7.4
2026-06-09 15:10:15,242 | INFO | nfe_scanner | Requisicao concluida | metodo=GET | rota=/notas/ | status=200 | duracao_ms=7.9
2026-06-09 15:10:15,244 | INFO | nfe_scanner | Requisicao concluida | metodo=GET | rota=/faturistas/ | status=200 | duracao_ms=8.9
2026-06-09 15:10:51,247 | INFO | nfe_scanner | Requisicao concluida | metodo=GET | rota=/notas/ | status=200 | duracao_ms=9.6
2026-06-09 15:10:51,249 | INFO | nfe_scanner | Requisicao concluida | metodo=GET | rota=/faturistas/ | status=200 | duracao_ms=10.4
2026-06-09 15:11:11,430 | INFO | nfe_scanner | Requisicao concluida | metodo=GET | rota=/faturistas/ | status=200 | duracao_ms=19.4
2026-06-09 15:11:11,434 | INFO | nfe_scanner | Requisicao concluida | metodo=GET | rota=/notas/ | status=200 | duracao_ms=29.5
2026-06-09 15:11:14,633 | INFO | nfe_scanner | Requisicao concluida | metodo=GET | rota=/faturistas/ | status=200 | duracao_ms=7.2
2026-06-09 15:11:14,639 | INFO | nfe_scanner | Requisicao concluida | metodo=GET | rota=/notas/ | status=200 | duracao_ms=14.5
2026-06-09 15:11:18,619 | INFO | nfe_scanner | Requisicao concluida | metodo=GET | rota=/faturistas/ | status=200 | duracao_ms=7.5
2026-06-09 15:11:18,622 | INFO | nfe_scanner | Requisicao concluida | metodo=GET | rota=/notas/ | status=200 | duracao_ms=10.5
2026-06-09 15:11:22,623 | INFO | nfe_scanner | Requisicao concluida | metodo=GET | rota=/faturistas/ | status=200 | duracao_ms=6.6
2026-06-09 15:11:22,626 | INFO | nfe_scanner | Requisicao concluida | metodo=GET | rota=/notas/ | status=200 | duracao_ms=10.2
2026-06-09 15:11:26,625 | INFO | nfe_scanner | Requisicao concluida | metodo=GET | rota=/faturistas/ | status=200 | duracao_ms=4.7
2026-06-09 15:11:26,633 | INFO | nfe_scanner | Requisicao concluida | metodo=GET | rota=/notas/ | status=200 | duracao_ms=13.1
2026-06-09 15:11:30,626 | INFO | nfe_scanner | Requisicao concluida | metodo=GET | rota=/faturistas/ | status=200 | duracao_ms=9.3
2026-06-09 15:11:30,628 | INFO | nfe_scanner | Requisicao concluida | metodo=GET | rota=/notas/ | status=200 | duracao_ms=12.1
2026-06-09 15:11:34,627 | INFO | nfe_scanner | Requisicao concluida | metodo=GET | rota=/faturistas/ | status=200 | duracao_ms=9.0
2026-06-09 15:11:34,632 | INFO | nfe_scanner | Requisicao concluida | metodo=GET | rota=/notas/ | status=200 | duracao_ms=13.9
2026-06-09 15:11:38,623 | INFO | nfe_scanner | Requisicao concluida | metodo=GET | rota=/faturistas/ | status=200 | duracao_ms=4.6
2026-06-09 15:11:38,628 | INFO | nfe_scanner | Requisicao concluida | metodo=GET | rota=/notas/ | status=200 | duracao_ms=11.2
2026-06-09 15:11:42,621 | INFO | nfe_scanner | Requisicao concluida | metodo=GET | rota=/faturistas/ | status=200 | duracao_ms=5.3
2026-06-09 15:11:42,625 | INFO | nfe_scanner | Requisicao concluida | metodo=GET | rota=/notas/ | status=200 | duracao_ms=8.7
2026-06-09 15:11:47,236 | INFO | nfe_scanner | Requisicao concluida | metodo=GET | rota=/faturistas/ | status=200 | duracao_ms=6.5
2026-06-09 15:11:47,239 | INFO | nfe_scanner | Requisicao concluida | metodo=GET | rota=/notas/ | status=200 | duracao_ms=10.7
2026-06-09 15:11:51,233 | INFO | nfe_scanner | Requisicao concluida | metodo=GET | rota=/notas/ | status=200 | duracao_ms=5.8
2026-06-09 15:11:51,233 | INFO | nfe_scanner | Requisicao concluida | metodo=GET | rota=/faturistas/ | status=200 | duracao_ms=6.3
2026-06-09 15:11:55,248 | INFO | nfe_scanner | Requisicao concluida | metodo=GET | rota=/faturistas/ | status=200 | duracao_ms=7.4
2026-06-09 15:11:55,252 | INFO | nfe_scanner | Requisicao concluida | metodo=GET | rota=/notas/ | status=200 | duracao_ms=12.4
2026-06-09 15:11:59,241 | INFO | nfe_scanner | Requisicao concluida | metodo=GET | rota=/notas/ | status=200 | duracao_ms=4.7
2026-06-09 15:11:59,242 | INFO | nfe_scanner | Requisicao concluida | metodo=GET | rota=/faturistas/ | status=200 | duracao_ms=5.0
2026-06-09 15:12:03,236 | INFO | nfe_scanner | Requisicao concluida | metodo=GET | rota=/faturistas/ | status=200 | duracao_ms=7.3
2026-06-09 15:12:03,237 | INFO | nfe_scanner | Requisicao concluida | metodo=GET | rota=/notas/ | status=200 | duracao_ms=9.0
2026-06-09 15:12:07,233 | INFO | nfe_scanner | Requisicao concluida | metodo=GET | rota=/faturistas/ | status=200 | duracao_ms=4.4
2026-06-09 15:12:07,235 | INFO | nfe_scanner | Requisicao concluida | metodo=GET | rota=/notas/ | status=200 | duracao_ms=7.2
2026-06-09 15:12:11,231 | INFO | nfe_scanner | Requisicao concluida | metodo=GET | rota=/faturistas/ | status=200 | duracao_ms=6.6
2026-06-09 15:12:11,232 | INFO | nfe_scanner | Requisicao concluida | metodo=GET | rota=/notas/ | status=200 | duracao_ms=9.0
2026-06-09 15:12:15,253 | INFO | nfe_scanner | Requisicao concluida | metodo=GET | rota=/notas/ | status=200 | duracao_ms=4.3
2026-06-09 15:12:15,254 | INFO | nfe_scanner | Requisicao concluida | metodo=GET | rota=/faturistas/ | status=200 | duracao_ms=4.9
2026-06-09 15:12:19,235 | INFO | nfe_scanner | Requisicao concluida | metodo=GET | rota=/faturistas/ | status=200 | duracao_ms=4.1
2026-06-09 15:12:19,235 | INFO | nfe_scanner | Requisicao concluida | metodo=GET | rota=/notas/ | status=200 | duracao_ms=4.9
2026-06-09 15:12:23,234 | INFO | nfe_scanner | Requisicao concluida | metodo=GET | rota=/faturistas/ | status=200 | duracao_ms=4.8
2026-06-09 15:12:23,235 | INFO | nfe_scanner | Requisicao concluida | metodo=GET | rota=/notas/ | status=200 | duracao_ms=6.8
2026-06-09 15:12:27,229 | INFO | nfe_scanner | Requisicao concluida | metodo=GET | rota=/faturistas/ | status=200 | duracao_ms=4.2
2026-06-09 15:12:27,231 | INFO | nfe_scanner | Requisicao concluida | metodo=GET | rota=/notas/ | status=200 | duracao_ms=5.8
2026-06-09 15:12:31,246 | INFO | nfe_scanner | Requisicao concluida | metodo=GET | rota=/notas/ | status=200 | duracao_ms=8.3
2026-06-09 15:12:31,251 | INFO | nfe_scanner | Requisicao concluida | metodo=GET | rota=/faturistas/ | status=200 | duracao_ms=12.0
2026-06-09 15:12:35,239 | INFO | nfe_scanner | Requisicao concluida | metodo=GET | rota=/faturistas/ | status=200 | duracao_ms=5.0
2026-06-09 15:12:35,240 | INFO | nfe_scanner | Requisicao concluida | metodo=GET | rota=/notas/ | status=200 | duracao_ms=7.1
2026-06-09 15:12:39,237 | INFO | nfe_scanner | Requisicao concluida | metodo=GET | rota=/notas/ | status=200 | duracao_ms=8.3
2026-06-09 15:12:39,240 | INFO | nfe_scanner | Requisicao concluida | metodo=GET | rota=/faturistas/ | status=200 | duracao_ms=10.5
2026-06-09 15:12:43,230 | INFO | nfe_scanner | Requisicao concluida | metodo=GET | rota=/faturistas/ | status=200 | duracao_ms=5.4
2026-06-09 15:12:43,232 | INFO | nfe_scanner | Requisicao concluida | metodo=GET | rota=/notas/ | status=200 | duracao_ms=8.3
2026-06-09 15:12:50,199 | INFO | nfe_scanner | Requisicao concluida | metodo=GET | rota=/faturistas/ | status=200 | duracao_ms=17.0
2026-06-09 15:12:50,205 | INFO | nfe_scanner | Requisicao concluida | metodo=GET | rota=/notas/ | status=200 | duracao_ms=26.1
2026-06-09 15:12:50,611 | INFO | nfe_scanner | Requisicao concluida | metodo=GET | rota=/faturistas/ | status=200 | duracao_ms=4.2
2026-06-09 15:12:50,614 | INFO | nfe_scanner | Requisicao concluida | metodo=GET | rota=/notas/ | status=200 | duracao_ms=7.3
2026-06-09 15:12:54,626 | INFO | nfe_scanner | Requisicao concluida | metodo=GET | rota=/faturistas/ | status=200 | duracao_ms=6.9
2026-06-09 15:12:54,629 | INFO | nfe_scanner | Requisicao concluida | metodo=GET | rota=/notas/ | status=200 | duracao_ms=11.3
2026-06-09 15:12:59,242 | INFO | nfe_scanner | Requisicao concluida | metodo=GET | rota=/faturistas/ | status=200 | duracao_ms=9.6
2026-06-09 15:12:59,249 | INFO | nfe_scanner | Requisicao concluida | metodo=GET | rota=/notas/ | status=200 | duracao_ms=17.6
2026-06-09 15:13:03,231 | INFO | nfe_scanner | Requisicao concluida | metodo=GET | rota=/faturistas/ | status=200 | duracao_ms=6.1
2026-06-09 15:13:03,233 | INFO | nfe_scanner | Requisicao concluida | metodo=GET | rota=/notas/ | status=200 | duracao_ms=8.6
2026-06-09 15:13:07,241 | INFO | nfe_scanner | Requisicao concluida | metodo=GET | rota=/faturistas/ | status=200 | duracao_ms=6.0
2026-06-09 15:13:07,246 | INFO | nfe_scanner | Requisicao concluida | metodo=GET | rota=/notas/ | status=200 | duracao_ms=11.2
2026-06-09 15:13:11,243 | INFO | nfe_scanner | Requisicao concluida | metodo=GET | rota=/notas/ | status=200 | duracao_ms=12.1
2026-06-09 15:13:11,245 | INFO | nfe_scanner | Requisicao concluida | metodo=GET | rota=/faturistas/ | status=200 | duracao_ms=12.6
2026-06-09 15:13:15,229 | INFO | nfe_scanner | Requisicao concluida | metodo=GET | rota=/faturistas/ | status=200 | duracao_ms=4.8
2026-06-09 15:13:15,234 | INFO | nfe_scanner | Requisicao concluida | metodo=GET | rota=/notas/ | status=200 | duracao_ms=10.2
2026-06-09 15:13:19,257 | INFO | nfe_scanner | Requisicao concluida | metodo=GET | rota=/notas/ | status=200 | duracao_ms=27.0
2026-06-09 15:13:19,259 | INFO | nfe_scanner | Requisicao concluida | metodo=GET | rota=/faturistas/ | status=200 | duracao_ms=27.4
2026-06-09 15:13:23,236 | INFO | nfe_scanner | Requisicao concluida | metodo=GET | rota=/faturistas/ | status=200 | duracao_ms=6.7
2026-06-09 15:13:23,237 | INFO | nfe_scanner | Requisicao concluida | metodo=GET | rota=/notas/ | status=200 | duracao_ms=8.9
2026-06-09 15:13:27,230 | INFO | nfe_scanner | Requisicao concluida | metodo=GET | rota=/faturistas/ | status=200 | duracao_ms=7.2
2026-06-09 15:13:27,233 | INFO | nfe_scanner | Requisicao concluida | metodo=GET | rota=/notas/ | status=200 | duracao_ms=11.0
2026-06-09 15:13:31,241 | INFO | nfe_scanner | Requisicao concluida | metodo=GET | rota=/faturistas/ | status=200 | duracao_ms=6.5
2026-06-09 15:13:31,243 | INFO | nfe_scanner | Requisicao concluida | metodo=GET | rota=/notas/ | status=200 | duracao_ms=9.4
2026-06-09 15:13:35,232 | INFO | nfe_scanner | Requisicao concluida | metodo=GET | rota=/notas/ | status=200 | duracao_ms=6.1
2026-06-09 15:13:35,233 | INFO | nfe_scanner | Requisicao concluida | metodo=GET | rota=/faturistas/ | status=200 | duracao_ms=7.2
2026-06-09 15:13:39,245 | INFO | nfe_scanner | Requisicao concluida | metodo=GET | rota=/faturistas/ | status=200 | duracao_ms=6.3
2026-06-09 15:13:39,250 | INFO | nfe_scanner | Requisicao concluida | metodo=GET | rota=/notas/ | status=200 | duracao_ms=11.9
2026-06-09 15:13:43,235 | INFO | nfe_scanner | Requisicao concluida | metodo=GET | rota=/notas/ | status=200 | duracao_ms=8.4
2026-06-09 15:13:43,243 | INFO | nfe_scanner | Requisicao concluida | metodo=GET | rota=/faturistas/ | status=200 | duracao_ms=10.2
2026-06-09 15:13:47,237 | INFO | nfe_scanner | Requisicao concluida | metodo=GET | rota=/notas/ | status=200 | duracao_ms=8.7
2026-06-09 15:13:47,238 | INFO | nfe_scanner | Requisicao concluida | metodo=GET | rota=/faturistas/ | status=200 | duracao_ms=9.2
2026-06-09 15:13:50,535 | INFO | nfe_scanner | Requisicao concluida | metodo=GET | rota=/painel | status=200 | duracao_ms=40.4
2026-06-09 15:13:50,571 | INFO | nfe_scanner | Requisicao concluida | metodo=GET | rota=/painel-assets/styles.css | status=200 | duracao_ms=12.9
2026-06-09 15:13:50,576 | INFO | nfe_scanner | Requisicao concluida | metodo=GET | rota=/painel-assets/app.js | status=200 | duracao_ms=14.4
2026-06-09 15:13:50,605 | INFO | nfe_scanner | Requisicao concluida | metodo=GET | rota=/faturistas/ | status=200 | duracao_ms=6.5
2026-06-09 15:13:50,609 | INFO | nfe_scanner | Requisicao concluida | metodo=GET | rota=/notas/ | status=200 | duracao_ms=12.0
2026-06-09 15:13:51,230 | INFO | nfe_scanner | Requisicao concluida | metodo=GET | rota=/faturistas/ | status=200 | duracao_ms=5.3
2026-06-09 15:13:51,233 | INFO | nfe_scanner | Requisicao concluida | metodo=GET | rota=/notas/ | status=200 | duracao_ms=9.1
2026-06-09 15:13:53,340 | INFO | nfe_scanner | Requisicao concluida | metodo=GET | rota=/painel | status=200 | duracao_ms=3.6
2026-06-09 15:13:53,378 | INFO | nfe_scanner | Requisicao concluida | metodo=GET | rota=/painel-assets/app.js | status=304 | duracao_ms=8.0
2026-06-09 15:13:53,407 | INFO | nfe_scanner | Requisicao concluida | metodo=GET | rota=/notas/ | status=200 | duracao_ms=13.4
2026-06-09 15:13:53,410 | INFO | nfe_scanner | Requisicao concluida | metodo=GET | rota=/faturistas/ | status=200 | duracao_ms=14.3
2026-06-09 15:13:55,243 | INFO | nfe_scanner | Requisicao concluida | metodo=GET | rota=/faturistas/ | status=200 | duracao_ms=6.0
2026-06-09 15:13:55,245 | INFO | nfe_scanner | Requisicao concluida | metodo=GET | rota=/notas/ | status=200 | duracao_ms=9.2
2026-06-09 15:13:58,238 | INFO | nfe_scanner | Requisicao concluida | metodo=GET | rota=/faturistas/ | status=200 | duracao_ms=7.5
2026-06-09 15:13:58,241 | INFO | nfe_scanner | Requisicao concluida | metodo=GET | rota=/notas/ | status=200 | duracao_ms=12.1
2026-06-09 15:14:02,236 | INFO | nfe_scanner | Requisicao concluida | metodo=GET | rota=/notas/ | status=200 | duracao_ms=5.7
2026-06-09 15:14:02,237 | INFO | nfe_scanner | Requisicao concluida | metodo=GET | rota=/faturistas/ | status=200 | duracao_ms=5.5
2026-06-09 15:14:06,233 | INFO | nfe_scanner | Requisicao concluida | metodo=GET | rota=/faturistas/ | status=200 | duracao_ms=3.2
2026-06-09 15:14:06,235 | INFO | nfe_scanner | Requisicao concluida | metodo=GET | rota=/notas/ | status=200 | duracao_ms=5.9
2026-06-09 15:14:10,239 | INFO | nfe_scanner | Requisicao concluida | metodo=GET | rota=/faturistas/ | status=200 | duracao_ms=4.2
2026-06-09 15:14:10,242 | INFO | nfe_scanner | Requisicao concluida | metodo=GET | rota=/notas/ | status=200 | duracao_ms=8.0
2026-06-09 15:14:13,406 | INFO | nfe_scanner | Requisicao concluida | metodo=GET | rota=/faturistas/ | status=200 | duracao_ms=7.9
2026-06-09 15:14:13,408 | INFO | nfe_scanner | Requisicao concluida | metodo=GET | rota=/notas/ | status=200 | duracao_ms=11.7
2026-06-09 15:14:17,403 | INFO | nfe_scanner | Requisicao concluida | metodo=GET | rota=/notas/ | status=200 | duracao_ms=7.7
2026-06-09 15:14:17,404 | INFO | nfe_scanner | Requisicao concluida | metodo=GET | rota=/faturistas/ | status=200 | duracao_ms=8.9
2026-06-09 15:14:21,413 | INFO | nfe_scanner | Requisicao concluida | metodo=GET | rota=/faturistas/ | status=200 | duracao_ms=6.5
2026-06-09 15:14:21,416 | INFO | nfe_scanner | Requisicao concluida | metodo=GET | rota=/notas/ | status=200 | duracao_ms=10.0
2026-06-09 15:14:25,402 | INFO | nfe_scanner | Requisicao concluida | metodo=GET | rota=/notas/ | status=200 | duracao_ms=7.6
2026-06-09 15:14:25,404 | INFO | nfe_scanner | Requisicao concluida | metodo=GET | rota=/faturistas/ | status=200 | duracao_ms=9.0
2026-06-09 15:14:29,407 | INFO | nfe_scanner | Requisicao concluida | metodo=GET | rota=/faturistas/ | status=200 | duracao_ms=5.5
2026-06-09 15:14:29,411 | INFO | nfe_scanner | Requisicao concluida | metodo=GET | rota=/notas/ | status=200 | duracao_ms=10.5
2026-06-09 15:14:33,417 | INFO | nfe_scanner | Requisicao concluida | metodo=GET | rota=/notas/ | status=200 | duracao_ms=14.2
2026-06-09 15:14:33,419 | INFO | nfe_scanner | Requisicao concluida | metodo=GET | rota=/faturistas/ | status=200 | duracao_ms=15.5
2026-06-09 15:14:37,406 | INFO | nfe_scanner | Requisicao concluida | metodo=GET | rota=/faturistas/ | status=200 | duracao_ms=6.9
2026-06-09 15:14:37,408 | INFO | nfe_scanner | Requisicao concluida | metodo=GET | rota=/notas/ | status=200 | duracao_ms=9.3
2026-06-09 15:14:41,408 | INFO | nfe_scanner | Requisicao concluida | metodo=GET | rota=/faturistas/ | status=200 | duracao_ms=7.6
2026-06-09 15:14:41,411 | INFO | nfe_scanner | Requisicao concluida | metodo=GET | rota=/notas/ | status=200 | duracao_ms=11.0
2026-06-09 15:14:45,408 | INFO | nfe_scanner | Requisicao concluida | metodo=GET | rota=/faturistas/ | status=200 | duracao_ms=6.5
2026-06-09 15:14:45,410 | INFO | nfe_scanner | Requisicao concluida | metodo=GET | rota=/notas/ | status=200 | duracao_ms=9.0
2026-06-09 15:14:49,402 | INFO | nfe_scanner | Requisicao concluida | metodo=GET | rota=/faturistas/ | status=200 | duracao_ms=5.7
2026-06-09 15:14:49,406 | INFO | nfe_scanner | Requisicao concluida | metodo=GET | rota=/notas/ | status=200 | duracao_ms=10.8
2026-06-09 15:14:53,400 | INFO | nfe_scanner | Requisicao concluida | metodo=GET | rota=/faturistas/ | status=200 | duracao_ms=5.5
2026-06-09 15:14:53,403 | INFO | nfe_scanner | Requisicao concluida | metodo=GET | rota=/notas/ | status=200 | duracao_ms=8.4
2026-06-09 15:14:57,401 | INFO | nfe_scanner | Requisicao concluida | metodo=GET | rota=/faturistas/ | status=200 | duracao_ms=6.8
2026-06-09 15:14:57,406 | INFO | nfe_scanner | Requisicao concluida | metodo=GET | rota=/notas/ | status=200 | duracao_ms=11.9
2026-06-09 15:15:01,411 | INFO | nfe_scanner | Requisicao concluida | metodo=GET | rota=/notas/ | status=200 | duracao_ms=8.3
2026-06-09 15:15:01,412 | INFO | nfe_scanner | Requisicao concluida | metodo=GET | rota=/faturistas/ | status=200 | duracao_ms=8.8
2026-06-09 15:15:05,410 | INFO | nfe_scanner | Requisicao concluida | metodo=GET | rota=/faturistas/ | status=200 | duracao_ms=5.3
2026-06-09 15:15:05,414 | INFO | nfe_scanner | Requisicao concluida | metodo=GET | rota=/notas/ | status=200 | duracao_ms=8.7
2026-06-09 15:15:09,403 | INFO | nfe_scanner | Requisicao concluida | metodo=GET | rota=/faturistas/ | status=200 | duracao_ms=7.3
2026-06-09 15:15:09,405 | INFO | nfe_scanner | Requisicao concluida | metodo=GET | rota=/notas/ | status=200 | duracao_ms=10.4
2026-06-09 15:15:13,406 | INFO | nfe_scanner | Requisicao concluida | metodo=GET | rota=/faturistas/ | status=200 | duracao_ms=8.8
2026-06-09 15:15:13,414 | INFO | nfe_scanner | Requisicao concluida | metodo=GET | rota=/notas/ | status=200 | duracao_ms=17.6
2026-06-09 15:15:17,402 | INFO | nfe_scanner | Requisicao concluida | metodo=GET | rota=/faturistas/ | status=200 | duracao_ms=7.2
2026-06-09 15:15:17,404 | INFO | nfe_scanner | Requisicao concluida | metodo=GET | rota=/notas/ | status=200 | duracao_ms=10.0
2026-06-09 15:15:21,408 | INFO | nfe_scanner | Requisicao concluida | metodo=GET | rota=/faturistas/ | status=200 | duracao_ms=7.5
2026-06-09 15:15:21,410 | INFO | nfe_scanner | Requisicao concluida | metodo=GET | rota=/notas/ | status=200 | duracao_ms=9.1
2026-06-09 15:15:25,407 | INFO | nfe_scanner | Requisicao concluida | metodo=GET | rota=/faturistas/ | status=200 | duracao_ms=8.0
2026-06-09 15:15:25,411 | INFO | nfe_scanner | Requisicao concluida | metodo=GET | rota=/notas/ | status=200 | duracao_ms=12.3
2026-06-09 15:15:29,412 | INFO | nfe_scanner | Requisicao concluida | metodo=GET | rota=/notas/ | status=200 | duracao_ms=16.0
2026-06-09 15:15:29,414 | INFO | nfe_scanner | Requisicao concluida | metodo=GET | rota=/faturistas/ | status=200 | duracao_ms=17.3
2026-06-09 15:15:33,425 | INFO | nfe_scanner | Requisicao concluida | metodo=GET | rota=/notas/ | status=200 | duracao_ms=20.4
2026-06-09 15:15:33,426 | INFO | nfe_scanner | Requisicao concluida | metodo=GET | rota=/faturistas/ | status=200 | duracao_ms=20.7
2026-06-09 15:15:37,411 | INFO | nfe_scanner | Requisicao concluida | metodo=GET | rota=/faturistas/ | status=200 | duracao_ms=6.9
2026-06-09 15:15:37,415 | INFO | nfe_scanner | Requisicao concluida | metodo=GET | rota=/notas/ | status=200 | duracao_ms=12.4
2026-06-09 15:15:41,404 | INFO | nfe_scanner | Requisicao concluida | metodo=GET | rota=/faturistas/ | status=200 | duracao_ms=8.8
2026-06-09 15:15:41,405 | INFO | nfe_scanner | Requisicao concluida | metodo=GET | rota=/notas/ | status=200 | duracao_ms=10.5
2026-06-09 15:15:45,419 | INFO | nfe_scanner | Requisicao concluida | metodo=GET | rota=/faturistas/ | status=200 | duracao_ms=8.1
2026-06-09 15:15:45,421 | INFO | nfe_scanner | Requisicao concluida | metodo=GET | rota=/notas/ | status=200 | duracao_ms=11.5
2026-06-09 15:15:50,232 | INFO | nfe_scanner | Requisicao concluida | metodo=GET | rota=/faturistas/ | status=200 | duracao_ms=4.9
2026-06-09 15:15:50,234 | INFO | nfe_scanner | Requisicao concluida | metodo=GET | rota=/notas/ | status=200 | duracao_ms=8.1
2026-06-09 15:15:54,239 | INFO | nfe_scanner | Requisicao concluida | metodo=GET | rota=/notas/ | status=200 | duracao_ms=3.0
2026-06-09 15:15:54,239 | INFO | nfe_scanner | Requisicao concluida | metodo=GET | rota=/faturistas/ | status=200 | duracao_ms=3.3
2026-06-09 15:15:58,241 | INFO | nfe_scanner | Requisicao concluida | metodo=GET | rota=/faturistas/ | status=200 | duracao_ms=6.5
2026-06-09 15:15:58,242 | INFO | nfe_scanner | Requisicao concluida | metodo=GET | rota=/notas/ | status=200 | duracao_ms=8.4
2026-06-09 15:16:02,237 | INFO | nfe_scanner | Requisicao concluida | metodo=GET | rota=/faturistas/ | status=200 | duracao_ms=5.8
2026-06-09 15:16:02,239 | INFO | nfe_scanner | Requisicao concluida | metodo=GET | rota=/notas/ | status=200 | duracao_ms=9.3
2026-06-09 15:16:06,227 | INFO | nfe_scanner | Requisicao concluida | metodo=GET | rota=/notas/ | status=200 | duracao_ms=5.5
2026-06-09 15:16:06,228 | INFO | nfe_scanner | Requisicao concluida | metodo=GET | rota=/faturistas/ | status=200 | duracao_ms=5.3
2026-06-09 15:16:10,231 | INFO | nfe_scanner | Requisicao concluida | metodo=GET | rota=/notas/ | status=200 | duracao_ms=8.3
2026-06-09 15:16:10,233 | INFO | nfe_scanner | Requisicao concluida | metodo=GET | rota=/faturistas/ | status=200 | duracao_ms=9.3
2026-06-09 15:16:14,240 | INFO | nfe_scanner | Requisicao concluida | metodo=GET | rota=/faturistas/ | status=200 | duracao_ms=4.6
2026-06-09 15:16:14,241 | INFO | nfe_scanner | Requisicao concluida | metodo=GET | rota=/notas/ | status=200 | duracao_ms=6.3
2026-06-09 15:16:18,239 | INFO | nfe_scanner | Requisicao concluida | metodo=GET | rota=/faturistas/ | status=200 | duracao_ms=6.9
2026-06-09 15:16:18,240 | INFO | nfe_scanner | Requisicao concluida | metodo=GET | rota=/notas/ | status=200 | duracao_ms=9.2
2026-06-09 15:16:22,235 | INFO | nfe_scanner | Requisicao concluida | metodo=GET | rota=/notas/ | status=200 | duracao_ms=7.8
2026-06-09 15:16:22,237 | INFO | nfe_scanner | Requisicao concluida | metodo=GET | rota=/faturistas/ | status=200 | duracao_ms=8.7
2026-06-09 15:16:26,231 | INFO | nfe_scanner | Requisicao concluida | metodo=GET | rota=/faturistas/ | status=200 | duracao_ms=7.0
2026-06-09 15:16:26,232 | INFO | nfe_scanner | Requisicao concluida | metodo=GET | rota=/notas/ | status=200 | duracao_ms=9.1
2026-06-09 15:16:30,250 | INFO | nfe_scanner | Requisicao concluida | metodo=GET | rota=/notas/ | status=200 | duracao_ms=20.5
2026-06-09 15:16:30,251 | INFO | nfe_scanner | Requisicao concluida | metodo=GET | rota=/faturistas/ | status=200 | duracao_ms=20.7
2026-06-09 15:16:34,236 | INFO | nfe_scanner | Requisicao concluida | metodo=GET | rota=/faturistas/ | status=200 | duracao_ms=3.0
2026-06-09 15:16:34,239 | INFO | nfe_scanner | Requisicao concluida | metodo=GET | rota=/notas/ | status=200 | duracao_ms=6.5
2026-06-09 15:16:38,240 | INFO | nfe_scanner | Requisicao concluida | metodo=GET | rota=/notas/ | status=200 | duracao_ms=10.1
2026-06-09 15:16:38,242 | INFO | nfe_scanner | Requisicao concluida | metodo=GET | rota=/faturistas/ | status=200 | duracao_ms=10.9
2026-06-09 15:16:42,237 | INFO | nfe_scanner | Requisicao concluida | metodo=GET | rota=/faturistas/ | status=200 | duracao_ms=10.2
2026-06-09 15:16:42,240 | INFO | nfe_scanner | Requisicao concluida | metodo=GET | rota=/notas/ | status=200 | duracao_ms=14.3
2026-06-09 15:16:46,227 | INFO | nfe_scanner | Requisicao concluida | metodo=GET | rota=/faturistas/ | status=200 | duracao_ms=5.4
2026-06-09 15:16:46,228 | INFO | nfe_scanner | Requisicao concluida | metodo=GET | rota=/notas/ | status=200 | duracao_ms=7.3
2026-06-09 15:16:51,245 | INFO | nfe_scanner | Requisicao concluida | metodo=GET | rota=/faturistas/ | status=200 | duracao_ms=10.4
2026-06-09 15:16:51,249 | INFO | nfe_scanner | Requisicao concluida | metodo=GET | rota=/notas/ | status=200 | duracao_ms=14.5
2026-06-09 15:17:51,254 | INFO | nfe_scanner | Requisicao concluida | metodo=GET | rota=/notas/ | status=200 | duracao_ms=20.2
2026-06-09 15:17:51,258 | INFO | nfe_scanner | Requisicao concluida | metodo=GET | rota=/faturistas/ | status=200 | duracao_ms=18.7
2026-06-09 15:17:53,406 | INFO | nfe_scanner | Requisicao concluida | metodo=GET | rota=/faturistas/ | status=200 | duracao_ms=4.4
2026-06-09 15:17:53,411 | INFO | nfe_scanner | Requisicao concluida | metodo=GET | rota=/notas/ | status=200 | duracao_ms=9.4
2026-06-09 15:17:57,417 | INFO | nfe_scanner | Requisicao concluida | metodo=GET | rota=/notas/ | status=200 | duracao_ms=15.0
2026-06-09 15:17:57,420 | INFO | nfe_scanner | Requisicao concluida | metodo=GET | rota=/faturistas/ | status=200 | duracao_ms=18.2
2026-06-09 15:18:01,422 | INFO | nfe_scanner | Requisicao concluida | metodo=GET | rota=/notas/ | status=200 | duracao_ms=7.8
2026-06-09 15:18:01,445 | INFO | nfe_scanner | Requisicao concluida | metodo=GET | rota=/faturistas/ | status=200 | duracao_ms=12.9
2026-06-09 15:18:06,232 | INFO | nfe_scanner | Requisicao concluida | metodo=GET | rota=/faturistas/ | status=200 | duracao_ms=6.0
2026-06-09 15:18:06,233 | INFO | nfe_scanner | Requisicao concluida | metodo=GET | rota=/notas/ | status=200 | duracao_ms=7.9
2026-06-09 15:18:10,245 | INFO | nfe_scanner | Requisicao concluida | metodo=GET | rota=/notas/ | status=200 | duracao_ms=6.1
2026-06-09 15:18:10,246 | INFO | nfe_scanner | Requisicao concluida | metodo=GET | rota=/faturistas/ | status=200 | duracao_ms=5.8
2026-06-09 15:18:14,239 | INFO | nfe_scanner | Requisicao concluida | metodo=GET | rota=/notas/ | status=200 | duracao_ms=6.2
2026-06-09 15:18:14,240 | INFO | nfe_scanner | Requisicao concluida | metodo=GET | rota=/faturistas/ | status=200 | duracao_ms=6.8
2026-06-09 15:18:18,235 | INFO | nfe_scanner | Requisicao concluida | metodo=GET | rota=/faturistas/ | status=200 | duracao_ms=3.9
2026-06-09 15:18:18,238 | INFO | nfe_scanner | Requisicao concluida | metodo=GET | rota=/notas/ | status=200 | duracao_ms=8.3
2026-06-09 15:18:22,227 | INFO | nfe_scanner | Requisicao concluida | metodo=GET | rota=/notas/ | status=200 | duracao_ms=3.3
2026-06-09 15:18:22,228 | INFO | nfe_scanner | Requisicao concluida | metodo=GET | rota=/faturistas/ | status=200 | duracao_ms=3.4
2026-06-09 15:18:26,237 | INFO | nfe_scanner | Requisicao concluida | metodo=GET | rota=/faturistas/ | status=200 | duracao_ms=12.7
2026-06-09 15:18:26,238 | INFO | nfe_scanner | Requisicao concluida | metodo=GET | rota=/notas/ | status=200 | duracao_ms=14.9
2026-06-09 15:18:30,237 | INFO | nfe_scanner | Requisicao concluida | metodo=GET | rota=/faturistas/ | status=200 | duracao_ms=1.9
2026-06-09 15:18:30,238 | INFO | nfe_scanner | Requisicao concluida | metodo=GET | rota=/notas/ | status=200 | duracao_ms=2.8
2026-06-09 15:18:34,235 | INFO | nfe_scanner | Requisicao concluida | metodo=GET | rota=/notas/ | status=200 | duracao_ms=3.5
2026-06-09 15:18:34,236 | INFO | nfe_scanner | Requisicao concluida | metodo=GET | rota=/faturistas/ | status=200 | duracao_ms=3.9
2026-06-09 15:18:38,234 | INFO | nfe_scanner | Requisicao concluida | metodo=GET | rota=/faturistas/ | status=200 | duracao_ms=4.0
2026-06-09 15:18:38,235 | INFO | nfe_scanner | Requisicao concluida | metodo=GET | rota=/notas/ | status=200 | duracao_ms=5.3
2026-06-09 15:18:42,228 | INFO | nfe_scanner | Requisicao concluida | metodo=GET | rota=/faturistas/ | status=200 | duracao_ms=5.2
2026-06-09 15:18:42,229 | INFO | nfe_scanner | Requisicao concluida | metodo=GET | rota=/notas/ | status=200 | duracao_ms=6.8
2026-06-09 15:18:46,236 | INFO | nfe_scanner | Requisicao concluida | metodo=GET | rota=/notas/ | status=200 | duracao_ms=3.8
2026-06-09 15:18:46,238 | INFO | nfe_scanner | Requisicao concluida | metodo=GET | rota=/faturistas/ | status=200 | duracao_ms=3.5
2026-06-09 15:18:50,769 | INFO | nfe_scanner | Requisicao concluida | metodo=GET | rota=/notas/ | status=200 | duracao_ms=12.0
2026-06-09 15:18:50,770 | INFO | nfe_scanner | Requisicao concluida | metodo=GET | rota=/faturistas/ | status=200 | duracao_ms=11.0
2026-06-09 15:18:50,921 | INFO | nfe_scanner | Requisicao concluida | metodo=GET | rota=/health/ | status=200 | duracao_ms=1.6
2026-06-09 15:18:51,250 | INFO | nfe_scanner | Requisicao concluida | metodo=GET | rota=/health/ | status=200 | duracao_ms=1.4
2026-06-09 15:18:54,238 | INFO | nfe_scanner | Requisicao concluida | metodo=GET | rota=/faturistas/ | status=200 | duracao_ms=6.8
2026-06-09 15:18:54,241 | INFO | nfe_scanner | Requisicao concluida | metodo=GET | rota=/notas/ | status=200 | duracao_ms=11.7
2026-06-09 15:18:58,237 | INFO | nfe_scanner | Requisicao concluida | metodo=GET | rota=/faturistas/ | status=200 | duracao_ms=9.7
2026-06-09 15:18:58,239 | INFO | nfe_scanner | Requisicao concluida | metodo=GET | rota=/notas/ | status=200 | duracao_ms=12.5
2026-06-09 15:19:06,335 | INFO | nfe_scanner | Requisicao concluida | metodo=GET | rota=/notas/ | status=200 | duracao_ms=19.7
2026-06-09 15:19:06,343 | INFO | nfe_scanner | Requisicao concluida | metodo=GET | rota=/faturistas/ | status=200 | duracao_ms=22.3
2026-06-09 15:19:08,618 | INFO | nfe_scanner | Requisicao concluida | metodo=GET | rota=/painel | status=200 | duracao_ms=184.3
2026-06-09 15:19:08,647 | INFO | nfe_scanner | Requisicao concluida | metodo=GET | rota=/painel-assets/app.js | status=304 | duracao_ms=2.1
2026-06-09 15:19:08,650 | INFO | nfe_scanner | Requisicao concluida | metodo=GET | rota=/painel-assets/styles.css | status=304 | duracao_ms=5.6
2026-06-09 15:19:08,666 | INFO | nfe_scanner | Requisicao concluida | metodo=GET | rota=/notas/ | status=200 | duracao_ms=4.4
2026-06-09 15:19:08,667 | INFO | nfe_scanner | Requisicao concluida | metodo=GET | rota=/faturistas/ | status=200 | duracao_ms=5.2
2026-06-09 15:19:12,669 | INFO | nfe_scanner | Requisicao concluida | metodo=GET | rota=/faturistas/ | status=200 | duracao_ms=3.9
2026-06-09 15:19:12,673 | INFO | nfe_scanner | Requisicao concluida | metodo=GET | rota=/notas/ | status=200 | duracao_ms=8.0
2026-06-09 15:19:16,679 | INFO | nfe_scanner | Requisicao concluida | metodo=GET | rota=/faturistas/ | status=200 | duracao_ms=5.9
2026-06-09 15:19:16,682 | INFO | nfe_scanner | Requisicao concluida | metodo=GET | rota=/notas/ | status=200 | duracao_ms=11.2
2026-06-09 15:19:20,674 | INFO | nfe_scanner | Requisicao concluida | metodo=GET | rota=/faturistas/ | status=200 | duracao_ms=5.8
2026-06-09 15:19:20,678 | INFO | nfe_scanner | Requisicao concluida | metodo=GET | rota=/notas/ | status=200 | duracao_ms=10.7
2026-06-09 15:19:24,685 | INFO | nfe_scanner | Requisicao concluida | metodo=GET | rota=/faturistas/ | status=200 | duracao_ms=7.1
2026-06-09 15:19:24,688 | INFO | nfe_scanner | Requisicao concluida | metodo=GET | rota=/notas/ | status=200 | duracao_ms=10.4
2026-06-09 15:19:28,673 | INFO | nfe_scanner | Requisicao concluida | metodo=GET | rota=/faturistas/ | status=200 | duracao_ms=4.6
2026-06-09 15:19:28,677 | INFO | nfe_scanner | Requisicao concluida | metodo=GET | rota=/notas/ | status=200 | duracao_ms=9.0
2026-06-09 15:19:32,677 | INFO | nfe_scanner | Requisicao concluida | metodo=GET | rota=/notas/ | status=200 | duracao_ms=6.0
2026-06-09 15:19:32,680 | INFO | nfe_scanner | Requisicao concluida | metodo=GET | rota=/faturistas/ | status=200 | duracao_ms=7.7
2026-06-09 15:19:36,679 | INFO | nfe_scanner | Requisicao concluida | metodo=GET | rota=/faturistas/ | status=200 | duracao_ms=5.8
2026-06-09 15:19:36,682 | INFO | nfe_scanner | Requisicao concluida | metodo=GET | rota=/notas/ | status=200 | duracao_ms=10.0
2026-06-09 15:19:40,682 | INFO | nfe_scanner | Requisicao concluida | metodo=GET | rota=/notas/ | status=200 | duracao_ms=4.5
2026-06-09 15:19:40,689 | INFO | nfe_scanner | Requisicao concluida | metodo=GET | rota=/faturistas/ | status=200 | duracao_ms=11.1
2026-06-09 15:19:44,683 | INFO | nfe_scanner | Requisicao concluida | metodo=GET | rota=/notas/ | status=200 | duracao_ms=4.2
2026-06-09 15:19:44,688 | INFO | nfe_scanner | Requisicao concluida | metodo=GET | rota=/faturistas/ | status=200 | duracao_ms=9.2
2026-06-09 15:19:48,679 | INFO | nfe_scanner | Requisicao concluida | metodo=GET | rota=/faturistas/ | status=200 | duracao_ms=4.6
2026-06-09 15:19:48,681 | INFO | nfe_scanner | Requisicao concluida | metodo=GET | rota=/notas/ | status=200 | duracao_ms=6.8
2026-06-09 15:19:52,670 | INFO | nfe_scanner | Requisicao concluida | metodo=GET | rota=/faturistas/ | status=200 | duracao_ms=4.5
2026-06-09 15:19:52,675 | INFO | nfe_scanner | Requisicao concluida | metodo=GET | rota=/notas/ | status=200 | duracao_ms=10.3
2026-06-09 15:19:56,673 | INFO | nfe_scanner | Requisicao concluida | metodo=GET | rota=/faturistas/ | status=200 | duracao_ms=5.6
2026-06-09 15:19:56,675 | INFO | nfe_scanner | Requisicao concluida | metodo=GET | rota=/notas/ | status=200 | duracao_ms=7.5
2026-06-09 15:20:00,680 | INFO | nfe_scanner | Requisicao concluida | metodo=GET | rota=/faturistas/ | status=200 | duracao_ms=4.7
2026-06-09 15:20:00,683 | INFO | nfe_scanner | Requisicao concluida | metodo=GET | rota=/notas/ | status=200 | duracao_ms=10.0
2026-06-09 15:20:04,687 | INFO | nfe_scanner | Requisicao concluida | metodo=GET | rota=/faturistas/ | status=200 | duracao_ms=9.0
2026-06-09 15:20:04,691 | INFO | nfe_scanner | Requisicao concluida | metodo=GET | rota=/notas/ | status=200 | duracao_ms=14.2
2026-06-09 15:20:08,688 | INFO | nfe_scanner | Requisicao concluida | metodo=GET | rota=/faturistas/ | status=200 | duracao_ms=6.5
2026-06-09 15:20:08,693 | INFO | nfe_scanner | Requisicao concluida | metodo=GET | rota=/notas/ | status=200 | duracao_ms=11.4
2026-06-09 15:20:12,670 | INFO | nfe_scanner | Requisicao concluida | metodo=GET | rota=/notas/ | status=200 | duracao_ms=5.2
2026-06-09 15:20:12,675 | INFO | nfe_scanner | Requisicao concluida | metodo=GET | rota=/faturistas/ | status=200 | duracao_ms=9.2
2026-06-09 15:20:16,544 | INFO | nfe_scanner | Requisicao concluida | metodo=GET | rota=/notas/ | status=200 | duracao_ms=2.3
2026-06-09 15:20:17,238 | INFO | nfe_scanner | Requisicao concluida | metodo=GET | rota=/faturistas/ | status=200 | duracao_ms=5.1
2026-06-09 15:20:17,239 | INFO | nfe_scanner | Requisicao concluida | metodo=GET | rota=/notas/ | status=200 | duracao_ms=6.7
2026-06-09 15:20:21,237 | INFO | nfe_scanner | Requisicao concluida | metodo=GET | rota=/notas/ | status=200 | duracao_ms=8.0
2026-06-09 15:20:21,241 | INFO | nfe_scanner | Requisicao concluida | metodo=GET | rota=/faturistas/ | status=200 | duracao_ms=11.3
2026-06-09 15:20:25,232 | INFO | nfe_scanner | Requisicao concluida | metodo=GET | rota=/notas/ | status=200 | duracao_ms=7.7
2026-06-09 15:20:25,236 | INFO | nfe_scanner | Requisicao concluida | metodo=GET | rota=/faturistas/ | status=200 | duracao_ms=10.2
2026-06-09 15:20:29,247 | INFO | nfe_scanner | Requisicao concluida | metodo=GET | rota=/notas/ | status=200 | duracao_ms=16.2
2026-06-09 15:20:29,250 | INFO | nfe_scanner | Requisicao concluida | metodo=GET | rota=/faturistas/ | status=200 | duracao_ms=17.6
2026-06-09 15:20:33,239 | INFO | nfe_scanner | Requisicao concluida | metodo=GET | rota=/notas/ | status=200 | duracao_ms=7.2
2026-06-09 15:20:33,240 | INFO | nfe_scanner | Requisicao concluida | metodo=GET | rota=/faturistas/ | status=200 | duracao_ms=7.8
2026-06-09 15:20:37,237 | INFO | nfe_scanner | Requisicao concluida | metodo=GET | rota=/notas/ | status=200 | duracao_ms=8.5
2026-06-09 15:20:37,240 | INFO | nfe_scanner | Requisicao concluida | metodo=GET | rota=/faturistas/ | status=200 | duracao_ms=10.2
2026-06-09 15:20:40,173 | INFO | nfe_scanner | Requisicao concluida | metodo=GET | rota=/painel | status=200 | duracao_ms=5.0
2026-06-09 15:20:40,203 | INFO | nfe_scanner | Requisicao concluida | metodo=GET | rota=/painel-assets/app.js | status=200 | duracao_ms=6.2
2026-06-09 15:20:40,211 | INFO | nfe_scanner | Requisicao concluida | metodo=GET | rota=/painel-assets/styles.css | status=200 | duracao_ms=15.1
2026-06-09 15:20:40,245 | INFO | nfe_scanner | Requisicao concluida | metodo=GET | rota=/faturistas/ | status=200 | duracao_ms=8.9
2026-06-09 15:20:40,252 | INFO | nfe_scanner | Requisicao concluida | metodo=GET | rota=/notas/ | status=200 | duracao_ms=16.7
2026-06-09 15:20:40,546 | WARNING | nfe_scanner | Requisicao concluida | metodo=GET | rota=/favicon.ico | status=404 | duracao_ms=0.8
2026-06-09 15:20:40,813 | INFO | nfe_scanner | Requisicao concluida | metodo=GET | rota=/notas/ | status=200 | duracao_ms=4.6
2026-06-09 15:20:40,938 | INFO | nfe_scanner | Requisicao concluida | metodo=GET | rota=/openapi.json | status=200 | duracao_ms=117.1
2026-06-09 15:20:40,961 | INFO | nfe_scanner | XML gerado | nota_id=1 | quantidade=1 | arquivo=nota_fiscal_1_20260609_152040.xml
2026-06-09 15:20:40,964 | INFO | nfe_scanner | Requisicao concluida | metodo=POST | rota=/relatorio/ | status=200 | duracao_ms=20.6
2026-06-09 15:20:41,235 | INFO | nfe_scanner | Requisicao concluida | metodo=GET | rota=/faturistas/ | status=200 | duracao_ms=7.5
2026-06-09 15:20:41,237 | INFO | nfe_scanner | Requisicao concluida | metodo=GET | rota=/notas/ | status=200 | duracao_ms=8.9
2026-06-09 15:20:45,240 | INFO | nfe_scanner | Requisicao concluida | metodo=GET | rota=/faturistas/ | status=200 | duracao_ms=4.8
2026-06-09 15:20:45,241 | INFO | nfe_scanner | Requisicao concluida | metodo=GET | rota=/notas/ | status=200 | duracao_ms=6.6
2026-06-09 15:20:49,235 | INFO | nfe_scanner | Requisicao concluida | metodo=GET | rota=/notas/ | status=200 | duracao_ms=5.0
2026-06-09 15:20:49,237 | INFO | nfe_scanner | Requisicao concluida | metodo=GET | rota=/faturistas/ | status=200 | duracao_ms=6.4
2026-06-09 15:20:53,243 | INFO | nfe_scanner | Requisicao concluida | metodo=GET | rota=/faturistas/ | status=200 | duracao_ms=10.2
2026-06-09 15:20:53,244 | INFO | nfe_scanner | Requisicao concluida | metodo=GET | rota=/notas/ | status=200 | duracao_ms=11.6
2026-06-09 15:20:57,232 | INFO | nfe_scanner | Requisicao concluida | metodo=GET | rota=/notas/ | status=200 | duracao_ms=8.6
2026-06-09 15:20:57,233 | INFO | nfe_scanner | Requisicao concluida | metodo=GET | rota=/faturistas/ | status=200 | duracao_ms=8.8
2026-06-09 15:21:01,232 | INFO | nfe_scanner | Requisicao concluida | metodo=GET | rota=/notas/ | status=200 | duracao_ms=9.3
2026-06-09 15:21:01,234 | INFO | nfe_scanner | Requisicao concluida | metodo=GET | rota=/faturistas/ | status=200 | duracao_ms=11.3
2026-06-09 15:21:05,241 | INFO | nfe_scanner | Requisicao concluida | metodo=GET | rota=/notas/ | status=200 | duracao_ms=7.8
2026-06-09 15:21:05,242 | INFO | nfe_scanner | Requisicao concluida | metodo=GET | rota=/faturistas/ | status=200 | duracao_ms=8.5
2026-06-09 15:21:09,234 | INFO | nfe_scanner | Requisicao concluida | metodo=GET | rota=/faturistas/ | status=200 | duracao_ms=4.9
2026-06-09 15:21:09,235 | INFO | nfe_scanner | Requisicao concluida | metodo=GET | rota=/notas/ | status=200 | duracao_ms=6.6
2026-06-09 15:21:09,888 | INFO | nfe_scanner | Requisicao concluida | metodo=GET | rota=/openapi.json | status=200 | duracao_ms=0.9
2026-06-09 15:21:10,452 | INFO | nfe_scanner | Requisicao concluida | metodo=GET | rota=/health/ | status=200 | duracao_ms=0.4
2026-06-09 15:21:10,494 | INFO | nfe_scanner | Requisicao concluida | metodo=GET | rota=/painel | status=200 | duracao_ms=0.7
2026-06-09 15:21:13,232 | INFO | nfe_scanner | Requisicao concluida | metodo=GET | rota=/faturistas/ | status=200 | duracao_ms=7.1
2026-06-09 15:21:13,233 | INFO | nfe_scanner | Requisicao concluida | metodo=GET | rota=/notas/ | status=200 | duracao_ms=9.2
2026-06-09 15:21:46,730 | INFO | nfe_scanner | Requisicao concluida | metodo=GET | rota=/notas/ | status=200 | duracao_ms=18.8
2026-06-09 15:21:46,736 | INFO | nfe_scanner | Requisicao concluida | metodo=GET | rota=/faturistas/ | status=200 | duracao_ms=17.8
2026-06-09 15:21:48,677 | INFO | nfe_scanner | Requisicao concluida | metodo=GET | rota=/faturistas/ | status=200 | duracao_ms=5.4
2026-06-09 15:21:48,679 | INFO | nfe_scanner | Requisicao concluida | metodo=GET | rota=/notas/ | status=200 | duracao_ms=7.8
2026-06-09 15:21:52,676 | INFO | nfe_scanner | Requisicao concluida | metodo=GET | rota=/notas/ | status=200 | duracao_ms=4.9
2026-06-09 15:21:52,680 | INFO | nfe_scanner | Requisicao concluida | metodo=GET | rota=/faturistas/ | status=200 | duracao_ms=8.4
2026-06-09 15:21:56,689 | INFO | nfe_scanner | Requisicao concluida | metodo=GET | rota=/faturistas/ | status=200 | duracao_ms=8.7
2026-06-09 15:21:56,692 | INFO | nfe_scanner | Requisicao concluida | metodo=GET | rota=/notas/ | status=200 | duracao_ms=11.7
2026-06-09 15:22:01,240 | INFO | nfe_scanner | Requisicao concluida | metodo=GET | rota=/faturistas/ | status=200 | duracao_ms=6.3
2026-06-09 15:22:01,244 | INFO | nfe_scanner | Requisicao concluida | metodo=GET | rota=/notas/ | status=200 | duracao_ms=10.4
2026-06-09 15:22:05,238 | INFO | nfe_scanner | Requisicao concluida | metodo=GET | rota=/faturistas/ | status=200 | duracao_ms=7.2
2026-06-09 15:22:05,241 | INFO | nfe_scanner | Requisicao concluida | metodo=GET | rota=/notas/ | status=200 | duracao_ms=10.6
2026-06-09 15:22:08,677 | INFO | nfe_scanner | Requisicao concluida | metodo=GET | rota=/notas/ | status=200 | duracao_ms=4.8
2026-06-09 15:22:08,684 | INFO | nfe_scanner | Requisicao concluida | metodo=GET | rota=/faturistas/ | status=200 | duracao_ms=11.2
2026-06-09 15:22:12,674 | INFO | nfe_scanner | Requisicao concluida | metodo=GET | rota=/notas/ | status=200 | duracao_ms=5.8
2026-06-09 15:22:12,679 | INFO | nfe_scanner | Requisicao concluida | metodo=GET | rota=/faturistas/ | status=200 | duracao_ms=10.3
2026-06-09 15:22:16,682 | INFO | nfe_scanner | Requisicao concluida | metodo=GET | rota=/faturistas/ | status=200 | duracao_ms=5.1
2026-06-09 15:22:16,684 | INFO | nfe_scanner | Requisicao concluida | metodo=GET | rota=/notas/ | status=200 | duracao_ms=7.3
2026-06-09 15:22:17,317 | INFO | nfe_scanner.integracao | Consultando API fiscal | chave=312606...161708
2026-06-09 15:22:17,497 | INFO | nfe_scanner.integracao | API fiscal respondeu | chave=312606...161708 | status=200 | bytes=4744
2026-06-09 15:22:17,506 | INFO | nfe_scanner.integracao | Nota fiscal consultada | chave=312606...161708 | numero=277620 | fornecedor=Vale S.A.
2026-06-09 15:22:17,506 | INFO | nfe_scanner | Leitura concluida | chave=312606...161708 | numero=277620
2026-06-09 15:22:17,510 | INFO | nfe_scanner | Requisicao concluida | metodo=POST | rota=/barcode-nf/ | status=200 | duracao_ms=196.5
2026-06-09 15:22:20,022 | WARNING | nfe_scanner | Requisicao concluida | metodo=POST | rota=/notas/ | status=422 | duracao_ms=5.9
2026-06-09 15:22:20,677 | INFO | nfe_scanner | Requisicao concluida | metodo=GET | rota=/notas/ | status=200 | duracao_ms=8.8
2026-06-09 15:22:20,679 | INFO | nfe_scanner | Requisicao concluida | metodo=GET | rota=/faturistas/ | status=200 | duracao_ms=9.5
2026-06-09 15:22:24,681 | INFO | nfe_scanner | Requisicao concluida | metodo=GET | rota=/faturistas/ | status=200 | duracao_ms=6.2
2026-06-09 15:22:24,687 | INFO | nfe_scanner | Requisicao concluida | metodo=GET | rota=/notas/ | status=200 | duracao_ms=12.6
2026-06-09 15:22:29,242 | INFO | nfe_scanner | Requisicao concluida | metodo=GET | rota=/faturistas/ | status=200 | duracao_ms=4.3
2026-06-09 15:22:29,243 | INFO | nfe_scanner | Requisicao concluida | metodo=GET | rota=/notas/ | status=200 | duracao_ms=6.2
2026-06-09 15:22:32,667 | INFO | nfe_scanner | Requisicao concluida | metodo=GET | rota=/notas/ | status=200 | duracao_ms=5.0
2026-06-09 15:22:32,672 | INFO | nfe_scanner | Requisicao concluida | metodo=GET | rota=/faturistas/ | status=200 | duracao_ms=10.0
2026-06-09 15:22:33,811 | INFO | nfe_scanner | Requisicao concluida | metodo=GET | rota=/painel | status=200 | duracao_ms=1.2
2026-06-09 15:22:33,835 | INFO | nfe_scanner | Requisicao concluida | metodo=GET | rota=/painel-assets/styles.css | status=304 | duracao_ms=2.6
2026-06-09 15:22:33,836 | INFO | nfe_scanner | Requisicao concluida | metodo=GET | rota=/painel-assets/app.js | status=304 | duracao_ms=3.1
2026-06-09 15:22:33,863 | INFO | nfe_scanner | Requisicao concluida | metodo=GET | rota=/faturistas/ | status=200 | duracao_ms=19.8
2026-06-09 15:22:33,864 | INFO | nfe_scanner | Requisicao concluida | metodo=GET | rota=/notas/ | status=200 | duracao_ms=21.5
2026-06-09 15:22:37,856 | INFO | nfe_scanner | Requisicao concluida | metodo=GET | rota=/notas/ | status=200 | duracao_ms=7.6
2026-06-09 15:22:37,860 | INFO | nfe_scanner | Requisicao concluida | metodo=GET | rota=/faturistas/ | status=200 | duracao_ms=10.8
2026-06-09 15:22:41,860 | INFO | nfe_scanner | Requisicao concluida | metodo=GET | rota=/notas/ | status=200 | duracao_ms=5.7
2026-06-09 15:22:41,861 | INFO | nfe_scanner | Requisicao concluida | metodo=GET | rota=/faturistas/ | status=200 | duracao_ms=6.5
2026-06-09 15:22:42,162 | INFO | nfe_scanner | Nota excluida | id=7 | numero=277620
2026-06-09 15:22:42,164 | INFO | nfe_scanner | Requisicao concluida | metodo=DELETE | rota=/notas/7/ | status=200 | duracao_ms=35.8
2026-06-09 15:22:42,176 | INFO | nfe_scanner | Requisicao concluida | metodo=GET | rota=/faturistas/ | status=200 | duracao_ms=6.7
2026-06-09 15:22:42,178 | INFO | nfe_scanner | Requisicao concluida | metodo=GET | rota=/notas/ | status=200 | duracao_ms=8.1
2026-06-09 15:22:45,852 | INFO | nfe_scanner | Requisicao concluida | metodo=GET | rota=/faturistas/ | status=200 | duracao_ms=5.9
2026-06-09 15:22:45,855 | INFO | nfe_scanner | Requisicao concluida | metodo=GET | rota=/notas/ | status=200 | duracao_ms=9.8
2026-06-09 15:22:49,863 | INFO | nfe_scanner | Requisicao concluida | metodo=GET | rota=/faturistas/ | status=200 | duracao_ms=6.1
2026-06-09 15:22:49,868 | INFO | nfe_scanner | Requisicao concluida | metodo=GET | rota=/notas/ | status=200 | duracao_ms=11.4
2026-06-09 15:22:51,913 | INFO | nfe_scanner.integracao | Consultando API fiscal | chave=312606...161708
2026-06-09 15:22:52,061 | INFO | nfe_scanner.integracao | API fiscal respondeu | chave=312606...161708 | status=200 | bytes=4744
2026-06-09 15:22:52,063 | INFO | nfe_scanner.integracao | Nota fiscal consultada | chave=312606...161708 | numero=277620 | fornecedor=Vale S.A.
2026-06-09 15:22:52,064 | INFO | nfe_scanner | Leitura concluida | chave=312606...161708 | numero=277620
2026-06-09 15:22:52,066 | INFO | nfe_scanner | Requisicao concluida | metodo=POST | rota=/barcode-nf/ | status=200 | duracao_ms=153.9
2026-06-09 15:22:53,309 | WARNING | nfe_scanner | Requisicao concluida | metodo=POST | rota=/notas/ | status=422 | duracao_ms=3.8
2026-06-09 15:22:53,853 | INFO | nfe_scanner | Requisicao concluida | metodo=GET | rota=/notas/ | status=200 | duracao_ms=4.9
2026-06-09 15:22:53,859 | INFO | nfe_scanner | Requisicao concluida | metodo=GET | rota=/faturistas/ | status=200 | duracao_ms=10.6
2026-06-09 15:22:57,866 | INFO | nfe_scanner | Requisicao concluida | metodo=GET | rota=/notas/ | status=200 | duracao_ms=7.5
2026-06-09 15:22:57,869 | INFO | nfe_scanner | Requisicao concluida | metodo=GET | rota=/faturistas/ | status=200 | duracao_ms=9.5
2026-06-09 15:23:01,854 | INFO | nfe_scanner | Requisicao concluida | metodo=GET | rota=/faturistas/ | status=200 | duracao_ms=5.9
2026-06-09 15:23:01,857 | INFO | nfe_scanner | Requisicao concluida | metodo=GET | rota=/notas/ | status=200 | duracao_ms=10.0
2026-06-09 15:23:05,854 | INFO | nfe_scanner | Requisicao concluida | metodo=GET | rota=/faturistas/ | status=200 | duracao_ms=6.5
2026-06-09 15:23:05,857 | INFO | nfe_scanner | Requisicao concluida | metodo=GET | rota=/notas/ | status=200 | duracao_ms=10.7
2026-06-09 15:23:09,849 | INFO | nfe_scanner | Requisicao concluida | metodo=GET | rota=/faturistas/ | status=200 | duracao_ms=3.9
2026-06-09 15:23:09,855 | INFO | nfe_scanner | Requisicao concluida | metodo=GET | rota=/notas/ | status=200 | duracao_ms=11.1
2026-06-09 15:23:13,849 | INFO | nfe_scanner | Requisicao concluida | metodo=GET | rota=/notas/ | status=200 | duracao_ms=4.9
2026-06-09 15:23:13,855 | INFO | nfe_scanner | Requisicao concluida | metodo=GET | rota=/faturistas/ | status=200 | duracao_ms=9.3
2026-06-09 15:23:17,655 | INFO | nfe_scanner | Requisicao concluida | metodo=GET | rota=/notas/ | status=200 | duracao_ms=3.8
2026-06-09 15:23:17,862 | INFO | nfe_scanner | Requisicao concluida | metodo=GET | rota=/notas/ | status=200 | duracao_ms=9.2
2026-06-09 15:23:17,873 | INFO | nfe_scanner | Requisicao concluida | metodo=GET | rota=/faturistas/ | status=200 | duracao_ms=19.9
2026-06-09 15:23:21,857 | INFO | nfe_scanner | Requisicao concluida | metodo=GET | rota=/faturistas/ | status=200 | duracao_ms=6.6
2026-06-09 15:23:21,860 | INFO | nfe_scanner | Requisicao concluida | metodo=GET | rota=/notas/ | status=200 | duracao_ms=9.4
2026-06-09 15:23:25,852 | INFO | nfe_scanner | Requisicao concluida | metodo=GET | rota=/faturistas/ | status=200 | duracao_ms=6.0
2026-06-09 15:23:25,854 | INFO | nfe_scanner | Requisicao concluida | metodo=GET | rota=/notas/ | status=200 | duracao_ms=8.5
2026-06-09 15:23:28,079 | INFO | nfe_scanner | Requisicao concluida | metodo=GET | rota=/notas/ | status=200 | duracao_ms=4.6
2026-06-09 15:23:29,008 | INFO | nfe_scanner | Requisicao concluida | metodo=GET | rota=/notas/ | status=200 | duracao_ms=6.3
2026-06-09 15:23:29,855 | INFO | nfe_scanner | Requisicao concluida | metodo=GET | rota=/notas/ | status=200 | duracao_ms=7.6
2026-06-09 15:23:29,857 | INFO | nfe_scanner | Requisicao concluida | metodo=GET | rota=/faturistas/ | status=200 | duracao_ms=8.9
2026-06-09 15:23:33,861 | INFO | nfe_scanner | Requisicao concluida | metodo=GET | rota=/notas/ | status=200 | duracao_ms=4.9
2026-06-09 15:23:33,867 | INFO | nfe_scanner | Requisicao concluida | metodo=GET | rota=/faturistas/ | status=200 | duracao_ms=10.6
2026-06-09 15:23:36,231 | INFO | nfe_scanner.integracao | Consultando API fiscal | chave=312606...161708
2026-06-09 15:23:36,329 | INFO | nfe_scanner.integracao | API fiscal respondeu | chave=312606...161708 | status=200 | bytes=4744
2026-06-09 15:23:36,331 | INFO | nfe_scanner.integracao | Nota fiscal consultada | chave=312606...161708 | numero=277620 | fornecedor=Vale S.A.
2026-06-09 15:23:36,331 | INFO | nfe_scanner | Leitura concluida | chave=312606...161708 | numero=277620
2026-06-09 15:23:36,333 | INFO | nfe_scanner | Requisicao concluida | metodo=POST | rota=/barcode-nf/ | status=200 | duracao_ms=104.6
2026-06-09 15:23:37,418 | WARNING | nfe_scanner | Requisicao concluida | metodo=POST | rota=/notas/ | status=422 | duracao_ms=3.4
2026-06-09 15:23:37,859 | INFO | nfe_scanner | Requisicao concluida | metodo=GET | rota=/faturistas/ | status=200 | duracao_ms=5.4
2026-06-09 15:23:37,863 | INFO | nfe_scanner | Requisicao concluida | metodo=GET | rota=/notas/ | status=200 | duracao_ms=10.3
2026-06-09 15:23:41,865 | INFO | nfe_scanner | Requisicao concluida | metodo=GET | rota=/faturistas/ | status=200 | duracao_ms=5.1
2026-06-09 15:23:41,868 | INFO | nfe_scanner | Requisicao concluida | metodo=GET | rota=/notas/ | status=200 | duracao_ms=8.9
2026-06-09 15:23:45,850 | INFO | nfe_scanner | Requisicao concluida | metodo=GET | rota=/faturistas/ | status=200 | duracao_ms=5.2
2026-06-09 15:23:45,852 | INFO | nfe_scanner | Requisicao concluida | metodo=GET | rota=/notas/ | status=200 | duracao_ms=8.2
2026-06-09 15:23:49,865 | INFO | nfe_scanner | Requisicao concluida | metodo=GET | rota=/faturistas/ | status=200 | duracao_ms=7.4
2026-06-09 15:23:49,873 | INFO | nfe_scanner | Requisicao concluida | metodo=GET | rota=/notas/ | status=200 | duracao_ms=16.2
2026-06-09 15:23:54,236 | INFO | nfe_scanner | Requisicao concluida | metodo=GET | rota=/notas/ | status=200 | duracao_ms=9.1
2026-06-09 15:23:54,239 | INFO | nfe_scanner | Requisicao concluida | metodo=GET | rota=/faturistas/ | status=200 | duracao_ms=11.7
2026-06-09 15:23:58,233 | INFO | nfe_scanner | Requisicao concluida | metodo=GET | rota=/notas/ | status=200 | duracao_ms=3.6
2026-06-09 15:23:58,234 | INFO | nfe_scanner | Requisicao concluida | metodo=GET | rota=/faturistas/ | status=200 | duracao_ms=4.4
2026-06-09 15:24:02,227 | INFO | nfe_scanner | Requisicao concluida | metodo=GET | rota=/notas/ | status=200 | duracao_ms=5.9
2026-06-09 15:24:02,228 | INFO | nfe_scanner | Requisicao concluida | metodo=GET | rota=/faturistas/ | status=200 | duracao_ms=6.1
2026-06-09 15:24:06,230 | INFO | nfe_scanner | Requisicao concluida | metodo=GET | rota=/faturistas/ | status=200 | duracao_ms=7.9
2026-06-09 15:24:06,238 | INFO | nfe_scanner | Requisicao concluida | metodo=GET | rota=/notas/ | status=200 | duracao_ms=16.8
2026-06-09 15:24:10,248 | INFO | nfe_scanner | Requisicao concluida | metodo=GET | rota=/notas/ | status=200 | duracao_ms=9.2
2026-06-09 15:24:10,250 | INFO | nfe_scanner | Requisicao concluida | metodo=GET | rota=/faturistas/ | status=200 | duracao_ms=9.6
2026-06-09 15:24:14,237 | INFO | nfe_scanner | Requisicao concluida | metodo=GET | rota=/faturistas/ | status=200 | duracao_ms=5.7
2026-06-09 15:24:14,239 | INFO | nfe_scanner | Requisicao concluida | metodo=GET | rota=/notas/ | status=200 | duracao_ms=7.8
2026-06-09 15:24:18,243 | INFO | nfe_scanner | Requisicao concluida | metodo=GET | rota=/faturistas/ | status=200 | duracao_ms=6.5
2026-06-09 15:24:18,245 | INFO | nfe_scanner | Requisicao concluida | metodo=GET | rota=/notas/ | status=200 | duracao_ms=9.2
2026-06-09 15:24:22,231 | INFO | nfe_scanner | Requisicao concluida | metodo=GET | rota=/faturistas/ | status=200 | duracao_ms=6.0
2026-06-09 15:24:22,232 | INFO | nfe_scanner | Requisicao concluida | metodo=GET | rota=/notas/ | status=200 | duracao_ms=7.9
2026-06-09 15:24:26,244 | INFO | nfe_scanner | Requisicao concluida | metodo=GET | rota=/notas/ | status=200 | duracao_ms=6.6
2026-06-09 15:24:26,245 | INFO | nfe_scanner | Requisicao concluida | metodo=GET | rota=/faturistas/ | status=200 | duracao_ms=7.2
2026-06-09 15:24:30,238 | INFO | nfe_scanner | Requisicao concluida | metodo=GET | rota=/faturistas/ | status=200 | duracao_ms=4.2
2026-06-09 15:24:30,239 | INFO | nfe_scanner | Requisicao concluida | metodo=GET | rota=/notas/ | status=200 | duracao_ms=7.7
2026-06-09 15:24:34,234 | INFO | nfe_scanner | Requisicao concluida | metodo=GET | rota=/faturistas/ | status=200 | duracao_ms=4.3
2026-06-09 15:24:34,241 | INFO | nfe_scanner | Requisicao concluida | metodo=GET | rota=/notas/ | status=200 | duracao_ms=12.1
2026-06-09 15:24:38,238 | INFO | nfe_scanner | Requisicao concluida | metodo=GET | rota=/notas/ | status=200 | duracao_ms=7.0
2026-06-09 15:24:38,240 | INFO | nfe_scanner | Requisicao concluida | metodo=GET | rota=/faturistas/ | status=200 | duracao_ms=7.2
2026-06-09 15:24:42,259 | INFO | nfe_scanner | Requisicao concluida | metodo=GET | rota=/notas/ | status=200 | duracao_ms=19.8
2026-06-09 15:24:42,261 | INFO | nfe_scanner | Requisicao concluida | metodo=GET | rota=/faturistas/ | status=200 | duracao_ms=21.2
2026-06-09 15:24:46,241 | INFO | nfe_scanner | Requisicao concluida | metodo=GET | rota=/faturistas/ | status=200 | duracao_ms=3.3
2026-06-09 15:24:46,242 | INFO | nfe_scanner | Requisicao concluida | metodo=GET | rota=/notas/ | status=200 | duracao_ms=11.3
2026-06-09 15:24:50,234 | INFO | nfe_scanner | Requisicao concluida | metodo=GET | rota=/faturistas/ | status=200 | duracao_ms=7.0
2026-06-09 15:24:50,236 | INFO | nfe_scanner | Requisicao concluida | metodo=GET | rota=/notas/ | status=200 | duracao_ms=9.1
2026-06-09 15:25:30,205 | INFO | nfe_scanner | Requisicao concluida | metodo=GET | rota=/openapi.json | status=200 | duracao_ms=3.3
2026-06-09 15:25:51,270 | INFO | nfe_scanner | Requisicao concluida | metodo=GET | rota=/notas/ | status=200 | duracao_ms=21.5
2026-06-09 15:25:51,273 | INFO | nfe_scanner | Requisicao concluida | metodo=GET | rota=/faturistas/ | status=200 | duracao_ms=23.2
2026-06-09 15:26:51,252 | INFO | nfe_scanner | Requisicao concluida | metodo=GET | rota=/faturistas/ | status=200 | duracao_ms=10.7
2026-06-09 15:26:51,257 | INFO | nfe_scanner | Requisicao concluida | metodo=GET | rota=/notas/ | status=200 | duracao_ms=18.2
2026-06-09 15:27:51,236 | INFO | nfe_scanner | Requisicao concluida | metodo=GET | rota=/faturistas/ | status=200 | duracao_ms=9.8
2026-06-09 15:27:51,238 | INFO | nfe_scanner | Requisicao concluida | metodo=GET | rota=/notas/ | status=200 | duracao_ms=12.7
2026-06-09 15:27:57,556 | INFO | nfe_scanner | Requisicao concluida | metodo=GET | rota=/health/ | status=200 | duracao_ms=0.5
2026-06-09 15:27:57,594 | INFO | nfe_scanner | Requisicao concluida | metodo=GET | rota=/openapi.json | status=200 | duracao_ms=0.4
2026-06-09 15:28:23,559 | INFO | nfe_scanner | Requisicao concluida | metodo=GET | rota=/health/ | status=200 | duracao_ms=1.5
2026-06-09 15:28:23,603 | INFO | nfe_scanner | Requisicao concluida | metodo=GET | rota=/openapi.json | status=200 | duracao_ms=33.9
2026-06-09 15:28:44,575 | WARNING | nfe_scanner | Payload invalido | metodo=POST | rota=/notas/ | erros=[{'type': 'missing', 'loc': ('body', 'local'), 'msg': 'Field required', 'input': {'nome_fornecedor': 'Teste', 'faturista': 'BIPE', 'data_emissao': '2026-06-09T15:30:00', 'valor_total': 1, 'serie': '1', 'numero_nf': 'TESTE-INVALIDO', 'cnpj_fornecedor': '00000000000000', 'chave_acesso': '99999999999999999999999999999999999999999991'}}]
2026-06-09 15:28:44,575 | WARNING | nfe_scanner | Requisicao concluida | metodo=POST | rota=/notas/ | status=422 | duracao_ms=2.1
2026-06-09 15:28:46,835 | INFO | nfe_scanner | Requisicao concluida | metodo=GET | rota=/notas/ | status=200 | duracao_ms=12.8
2026-06-09 15:28:46,889 | INFO | nfe_scanner | Requisicao concluida | metodo=GET | rota=/notas/ | status=200 | duracao_ms=3.9
2026-06-09 15:28:47,037 | INFO | nfe_scanner | Requisicao concluida | metodo=GET | rota=/notas/ | status=200 | duracao_ms=3.2
2026-06-09 15:28:47,139 | INFO | nfe_scanner | Requisicao concluida | metodo=GET | rota=/notas/ | status=200 | duracao_ms=3.2
2026-06-09 15:28:47,292 | INFO | nfe_scanner | Requisicao concluida | metodo=GET | rota=/notas/ | status=200 | duracao_ms=4.3
2026-06-09 15:28:47,409 | INFO | nfe_scanner | Requisicao concluida | metodo=GET | rota=/notas/ | status=200 | duracao_ms=3.9
2026-06-09 15:28:47,431 | INFO | nfe_scanner | Nota cadastrada | id=7 | numero=TESTE-CONCORRENCIA | local=A1BR
2026-06-09 15:28:47,433 | INFO | nfe_scanner | Requisicao concluida | metodo=POST | rota=/notas/ | status=200 | duracao_ms=17.5
2026-06-09 15:28:47,540 | INFO | nfe_scanner | Requisicao concluida | metodo=GET | rota=/notas/ | status=200 | duracao_ms=3.1
2026-06-09 15:28:47,614 | INFO | nfe_scanner | Requisicao concluida | metodo=GET | rota=/notas/ | status=200 | duracao_ms=1.6
2026-06-09 15:28:47,639 | INFO | nfe_scanner | Nota excluida | id=7 | numero=TESTE-CONCORRENCIA
2026-06-09 15:28:47,639 | INFO | nfe_scanner | Requisicao concluida | metodo=DELETE | rota=/notas/7/ | status=200 | duracao_ms=4.7
2026-06-09 15:28:51,236 | INFO | nfe_scanner | Requisicao concluida | metodo=GET | rota=/notas/ | status=200 | duracao_ms=5.2
2026-06-09 15:28:51,246 | INFO | nfe_scanner | Requisicao concluida | metodo=GET | rota=/faturistas/ | status=200 | duracao_ms=13.7
2026-06-09 15:29:17,766 | WARNING | nfe_scanner | Payload invalido | metodo=POST | rota=/notas/ | erros=[{'type': 'missing', 'loc': ('body', 'local'), 'msg': 'Field required', 'input': {'numero_nf': 'X', 'serie': '1', 'data_emissao': '2026-06-09T15:30:00', 'cnpj_fornecedor': '0', 'nome_fornecedor': 'Teste', 'valor_total': 1, 'chave_acesso': '99999999999999999999999999999999999999999993', 'faturista': 'BIPE'}}]
2026-06-09 15:29:17,766 | WARNING | nfe_scanner | Requisicao concluida | metodo=POST | rota=/notas/ | status=422 | duracao_ms=1.9
2026-06-09 15:29:57,131 | INFO | nfe_scanner | Requisicao concluida | metodo=GET | rota=/health/ | status=200 | duracao_ms=0.6
2026-06-09 15:29:57,202 | INFO | nfe_scanner | Requisicao concluida | metodo=GET | rota=/painel | status=200 | duracao_ms=63.5
2026-06-09 15:29:57,501 | INFO | nfe_scanner | Requisicao concluida | metodo=GET | rota=/openapi.json | status=200 | duracao_ms=2.1
2026-06-09 15:30:06,111 | INFO | nfe_scanner | Requisicao concluida | metodo=GET | rota=/painel | status=200 | duracao_ms=0.8
2026-06-09 15:30:47,378 | INFO | nfe_scanner | Requisicao concluida | metodo=GET | rota=/notas/ | status=200 | duracao_ms=4.2
2026-06-09 15:30:51,715 | INFO | nfe_scanner | Requisicao concluida | metodo=GET | rota=/faturistas/ | status=200 | duracao_ms=7.7
2026-06-09 15:30:51,719 | INFO | nfe_scanner | Requisicao concluida | metodo=GET | rota=/notas/ | status=200 | duracao_ms=13.0
2026-06-09 15:30:53,854 | INFO | nfe_scanner | Requisicao concluida | metodo=GET | rota=/notas/ | status=200 | duracao_ms=6.7
2026-06-09 15:30:53,857 | INFO | nfe_scanner | Requisicao concluida | metodo=GET | rota=/faturistas/ | status=200 | duracao_ms=9.4
2026-06-09 15:30:57,861 | INFO | nfe_scanner | Requisicao concluida | metodo=GET | rota=/faturistas/ | status=200 | duracao_ms=6.2
2026-06-09 15:30:57,864 | INFO | nfe_scanner | Requisicao concluida | metodo=GET | rota=/notas/ | status=200 | duracao_ms=9.7
2026-06-09 15:31:01,856 | INFO | nfe_scanner | Requisicao concluida | metodo=GET | rota=/faturistas/ | status=200 | duracao_ms=5.8
2026-06-09 15:31:01,864 | INFO | nfe_scanner | Requisicao concluida | metodo=GET | rota=/notas/ | status=200 | duracao_ms=15.3
2026-06-09 15:31:03,844 | INFO | nfe_scanner.integracao | Consultando API fiscal | chave=312606...161708
2026-06-09 15:31:04,198 | INFO | nfe_scanner.integracao | API fiscal respondeu | chave=312606...161708 | status=200 | bytes=4744
2026-06-09 15:31:04,204 | INFO | nfe_scanner.integracao | Nota fiscal consultada | chave=312606...161708 | numero=277620 | fornecedor=Vale S.A.
2026-06-09 15:31:04,204 | INFO | nfe_scanner | Leitura concluida | chave=312606...161708 | numero=277620
2026-06-09 15:31:04,207 | INFO | nfe_scanner | Requisicao concluida | metodo=POST | rota=/barcode-nf/ | status=200 | duracao_ms=365.9
2026-06-09 15:31:05,858 | INFO | nfe_scanner | Requisicao concluida | metodo=GET | rota=/faturistas/ | status=200 | duracao_ms=5.3
2026-06-09 15:31:05,861 | INFO | nfe_scanner | Requisicao concluida | metodo=GET | rota=/notas/ | status=200 | duracao_ms=8.9
2026-06-09 15:31:08,048 | INFO | nfe_scanner | Nota cadastrada | id=7 | numero=277620 | local=A1BR
2026-06-09 15:31:08,051 | INFO | nfe_scanner | Requisicao concluida | metodo=POST | rota=/notas/ | status=200 | duracao_ms=14.6
2026-06-09 15:31:09,858 | INFO | nfe_scanner | Requisicao concluida | metodo=GET | rota=/faturistas/ | status=200 | duracao_ms=6.5
2026-06-09 15:31:09,861 | INFO | nfe_scanner | Requisicao concluida | metodo=GET | rota=/notas/ | status=200 | duracao_ms=10.6
2026-06-09 15:31:11,701 | INFO | nfe_scanner | Requisicao concluida | metodo=GET | rota=/painel | status=200 | duracao_ms=2.1
2026-06-09 15:31:11,731 | INFO | nfe_scanner | Requisicao concluida | metodo=GET | rota=/painel-assets/app.js | status=304 | duracao_ms=2.9
2026-06-09 15:31:11,733 | INFO | nfe_scanner | Requisicao concluida | metodo=GET | rota=/painel-assets/styles.css | status=304 | duracao_ms=4.3
2026-06-09 15:31:11,750 | INFO | nfe_scanner | Requisicao concluida | metodo=GET | rota=/notas/ | status=200 | duracao_ms=5.3
2026-06-09 15:31:11,751 | INFO | nfe_scanner | Requisicao concluida | metodo=GET | rota=/faturistas/ | status=200 | duracao_ms=6.9
2026-06-09 15:31:15,753 | INFO | nfe_scanner | Requisicao concluida | metodo=GET | rota=/notas/ | status=200 | duracao_ms=5.1
2026-06-09 15:31:15,755 | INFO | nfe_scanner | Requisicao concluida | metodo=GET | rota=/faturistas/ | status=200 | duracao_ms=6.1
2026-06-09 15:31:18,465 | INFO | nfe_scanner | Requisicao concluida | metodo=GET | rota=/faturistas/ | status=200 | duracao_ms=6.1
2026-06-09 15:31:18,469 | INFO | nfe_scanner | Requisicao concluida | metodo=GET | rota=/notas/ | status=200 | duracao_ms=10.9
2026-06-09 15:31:19,768 | INFO | nfe_scanner | Requisicao concluida | metodo=GET | rota=/faturistas/ | status=200 | duracao_ms=5.6
2026-06-09 15:31:19,774 | INFO | nfe_scanner | Requisicao concluida | metodo=GET | rota=/notas/ | status=200 | duracao_ms=12.0
2026-06-09 15:31:23,752 | INFO | nfe_scanner | Requisicao concluida | metodo=GET | rota=/notas/ | status=200 | duracao_ms=4.6
2026-06-09 15:31:23,759 | INFO | nfe_scanner | Requisicao concluida | metodo=GET | rota=/faturistas/ | status=200 | duracao_ms=11.0
2026-06-09 15:31:27,760 | INFO | nfe_scanner | Requisicao concluida | metodo=GET | rota=/faturistas/ | status=200 | duracao_ms=6.9
2026-06-09 15:31:27,763 | INFO | nfe_scanner | Requisicao concluida | metodo=GET | rota=/notas/ | status=200 | duracao_ms=9.5
2026-06-09 15:31:31,762 | INFO | nfe_scanner | Requisicao concluida | metodo=GET | rota=/notas/ | status=200 | duracao_ms=7.8
2026-06-09 15:31:31,768 | INFO | nfe_scanner | Requisicao concluida | metodo=GET | rota=/faturistas/ | status=200 | duracao_ms=12.9
2026-06-09 15:31:35,762 | INFO | nfe_scanner | Requisicao concluida | metodo=GET | rota=/faturistas/ | status=200 | duracao_ms=5.7
2026-06-09 15:31:35,765 | INFO | nfe_scanner | Requisicao concluida | metodo=GET | rota=/notas/ | status=200 | duracao_ms=8.7
2026-06-09 15:31:36,117 | INFO | nfe_scanner | Requisicao concluida | metodo=GET | rota=/notas/ | status=200 | duracao_ms=6.2
2026-06-09 15:31:39,766 | INFO | nfe_scanner | Requisicao concluida | metodo=GET | rota=/faturistas/ | status=200 | duracao_ms=3.9
2026-06-09 15:31:39,771 | INFO | nfe_scanner | Requisicao concluida | metodo=GET | rota=/notas/ | status=200 | duracao_ms=9.1
2026-06-09 15:31:43,762 | INFO | nfe_scanner | Requisicao concluida | metodo=GET | rota=/notas/ | status=200 | duracao_ms=3.9
2026-06-09 15:31:43,772 | INFO | nfe_scanner | Requisicao concluida | metodo=GET | rota=/faturistas/ | status=200 | duracao_ms=14.2
2026-06-09 15:31:47,761 | INFO | nfe_scanner | Requisicao concluida | metodo=GET | rota=/faturistas/ | status=200 | duracao_ms=4.4
2026-06-09 15:31:47,763 | INFO | nfe_scanner | Requisicao concluida | metodo=GET | rota=/notas/ | status=200 | duracao_ms=7.8
2026-06-09 15:31:51,764 | INFO | nfe_scanner | Requisicao concluida | metodo=GET | rota=/notas/ | status=200 | duracao_ms=5.2
2026-06-09 15:31:51,769 | INFO | nfe_scanner | Requisicao concluida | metodo=GET | rota=/faturistas/ | status=200 | duracao_ms=9.3
2026-06-09 15:31:52,702 | INFO | nfe_scanner | Nota excluida | id=7 | numero=277620
2026-06-09 15:31:52,704 | INFO | nfe_scanner | Requisicao concluida | metodo=DELETE | rota=/notas/7/ | status=200 | duracao_ms=10.9
2026-06-09 15:31:52,735 | INFO | nfe_scanner | Requisicao concluida | metodo=GET | rota=/notas/ | status=200 | duracao_ms=7.4
2026-06-09 15:31:55,758 | INFO | nfe_scanner | Requisicao concluida | metodo=GET | rota=/faturistas/ | status=200 | duracao_ms=5.9
2026-06-09 15:31:55,760 | INFO | nfe_scanner | Requisicao concluida | metodo=GET | rota=/notas/ | status=200 | duracao_ms=8.5
2026-06-09 15:31:59,767 | INFO | nfe_scanner | Requisicao concluida | metodo=GET | rota=/notas/ | status=200 | duracao_ms=6.8
2026-06-09 15:31:59,769 | INFO | nfe_scanner | Requisicao concluida | metodo=GET | rota=/faturistas/ | status=200 | duracao_ms=8.3
2026-06-09 15:32:03,755 | INFO | nfe_scanner | Requisicao concluida | metodo=GET | rota=/faturistas/ | status=200 | duracao_ms=5.2
2026-06-09 15:32:03,759 | INFO | nfe_scanner | Requisicao concluida | metodo=GET | rota=/notas/ | status=200 | duracao_ms=9.7
2026-06-09 15:32:07,757 | INFO | nfe_scanner | Requisicao concluida | metodo=GET | rota=/faturistas/ | status=200 | duracao_ms=6.3
2026-06-09 15:32:07,760 | INFO | nfe_scanner | Requisicao concluida | metodo=GET | rota=/notas/ | status=200 | duracao_ms=8.9
2026-06-09 15:32:11,765 | INFO | nfe_scanner | Requisicao concluida | metodo=GET | rota=/faturistas/ | status=200 | duracao_ms=5.9
2026-06-09 15:32:11,767 | INFO | nfe_scanner | Requisicao concluida | metodo=GET | rota=/notas/ | status=200 | duracao_ms=8.6
2026-06-09 15:32:16,243 | INFO | nfe_scanner | Requisicao concluida | metodo=GET | rota=/faturistas/ | status=200 | duracao_ms=6.5
2026-06-09 15:32:16,245 | INFO | nfe_scanner | Requisicao concluida | metodo=GET | rota=/notas/ | status=200 | duracao_ms=9.9
2026-06-09 15:32:20,227 | INFO | nfe_scanner | Requisicao concluida | metodo=GET | rota=/faturistas/ | status=200 | duracao_ms=5.8
2026-06-09 15:32:20,229 | INFO | nfe_scanner | Requisicao concluida | metodo=GET | rota=/notas/ | status=200 | duracao_ms=7.7
2026-06-09 15:32:24,242 | INFO | nfe_scanner | Requisicao concluida | metodo=GET | rota=/faturistas/ | status=200 | duracao_ms=6.0
2026-06-09 15:32:24,243 | INFO | nfe_scanner | Requisicao concluida | metodo=GET | rota=/notas/ | status=200 | duracao_ms=8.2
2026-06-09 15:32:28,234 | INFO | nfe_scanner | Requisicao concluida | metodo=GET | rota=/notas/ | status=200 | duracao_ms=6.2
2026-06-09 15:32:28,236 | INFO | nfe_scanner | Requisicao concluida | metodo=GET | rota=/faturistas/ | status=200 | duracao_ms=7.6
2026-06-09 15:32:32,232 | INFO | nfe_scanner | Requisicao concluida | metodo=GET | rota=/notas/ | status=200 | duracao_ms=8.0
2026-06-09 15:32:32,233 | INFO | nfe_scanner | Requisicao concluida | metodo=GET | rota=/faturistas/ | status=200 | duracao_ms=7.0
2026-06-09 15:32:36,229 | INFO | nfe_scanner | Requisicao concluida | metodo=GET | rota=/notas/ | status=200 | duracao_ms=6.0
2026-06-09 15:32:36,230 | INFO | nfe_scanner | Requisicao concluida | metodo=GET | rota=/faturistas/ | status=200 | duracao_ms=6.3
2026-06-09 15:32:40,239 | INFO | nfe_scanner | Requisicao concluida | metodo=GET | rota=/notas/ | status=200 | duracao_ms=7.1
2026-06-09 15:32:40,241 | INFO | nfe_scanner | Requisicao concluida | metodo=GET | rota=/faturistas/ | status=200 | duracao_ms=7.3
2026-06-09 15:32:44,240 | INFO | nfe_scanner | Requisicao concluida | metodo=GET | rota=/notas/ | status=200 | duracao_ms=4.9
2026-06-09 15:32:44,242 | INFO | nfe_scanner | Requisicao concluida | metodo=GET | rota=/faturistas/ | status=200 | duracao_ms=6.0
2026-06-09 15:32:48,230 | INFO | nfe_scanner | Requisicao concluida | metodo=GET | rota=/notas/ | status=200 | duracao_ms=5.3
2026-06-09 15:32:48,231 | INFO | nfe_scanner | Requisicao concluida | metodo=GET | rota=/faturistas/ | status=200 | duracao_ms=4.9
2026-06-09 15:32:52,232 | INFO | nfe_scanner | Requisicao concluida | metodo=GET | rota=/notas/ | status=200 | duracao_ms=3.5
2026-06-09 15:32:52,233 | INFO | nfe_scanner | Requisicao concluida | metodo=GET | rota=/faturistas/ | status=200 | duracao_ms=3.6
2026-06-09 15:32:56,242 | INFO | nfe_scanner | Requisicao concluida | metodo=GET | rota=/faturistas/ | status=200 | duracao_ms=6.7
2026-06-09 15:32:56,245 | INFO | nfe_scanner | Requisicao concluida | metodo=GET | rota=/notas/ | status=200 | duracao_ms=9.8
2026-06-09 15:33:00,235 | INFO | nfe_scanner | Requisicao concluida | metodo=GET | rota=/notas/ | status=200 | duracao_ms=6.2
2026-06-09 15:33:00,236 | INFO | nfe_scanner | Requisicao concluida | metodo=GET | rota=/faturistas/ | status=200 | duracao_ms=6.3
2026-06-09 15:33:04,231 | INFO | nfe_scanner | Requisicao concluida | metodo=GET | rota=/faturistas/ | status=200 | duracao_ms=2.5
2026-06-09 15:33:04,232 | INFO | nfe_scanner | Requisicao concluida | metodo=GET | rota=/notas/ | status=200 | duracao_ms=4.2
2026-06-09 15:33:08,233 | INFO | nfe_scanner | Requisicao concluida | metodo=GET | rota=/faturistas/ | status=200 | duracao_ms=6.2
2026-06-09 15:33:08,234 | INFO | nfe_scanner | Requisicao concluida | metodo=GET | rota=/notas/ | status=200 | duracao_ms=8.1
2026-06-09 15:33:12,233 | INFO | nfe_scanner | Requisicao concluida | metodo=GET | rota=/faturistas/ | status=200 | duracao_ms=4.7
2026-06-09 15:33:12,235 | INFO | nfe_scanner | Requisicao concluida | metodo=GET | rota=/notas/ | status=200 | duracao_ms=7.3
2026-06-09 15:33:51,247 | INFO | nfe_scanner | Requisicao concluida | metodo=GET | rota=/notas/ | status=200 | duracao_ms=10.5
2026-06-09 15:33:51,249 | INFO | nfe_scanner | Requisicao concluida | metodo=GET | rota=/faturistas/ | status=200 | duracao_ms=9.9
2026-06-09 15:33:52,529 | INFO | nfe_scanner | Requisicao concluida | metodo=GET | rota=/faturistas/ | status=200 | duracao_ms=15.3
2026-06-09 15:33:52,537 | INFO | nfe_scanner | Requisicao concluida | metodo=GET | rota=/notas/ | status=200 | duracao_ms=25.2
2026-06-09 15:33:56,237 | INFO | nfe_scanner | Requisicao concluida | metodo=GET | rota=/faturistas/ | status=200 | duracao_ms=7.1
2026-06-09 15:33:56,240 | INFO | nfe_scanner | Requisicao concluida | metodo=GET | rota=/notas/ | status=200 | duracao_ms=10.1
2026-06-09 15:34:00,239 | INFO | nfe_scanner | Requisicao concluida | metodo=GET | rota=/notas/ | status=200 | duracao_ms=10.2
2026-06-09 15:34:00,243 | INFO | nfe_scanner | Requisicao concluida | metodo=GET | rota=/faturistas/ | status=200 | duracao_ms=12.4
2026-06-09 15:34:04,248 | INFO | nfe_scanner | Requisicao concluida | metodo=GET | rota=/faturistas/ | status=200 | duracao_ms=7.9
2026-06-09 15:34:04,252 | INFO | nfe_scanner | Requisicao concluida | metodo=GET | rota=/notas/ | status=200 | duracao_ms=13.4
2026-06-09 15:34:07,764 | INFO | nfe_scanner | Requisicao concluida | metodo=GET | rota=/faturistas/ | status=200 | duracao_ms=8.4
2026-06-09 15:34:07,766 | INFO | nfe_scanner | Requisicao concluida | metodo=GET | rota=/notas/ | status=200 | duracao_ms=11.9
2026-06-09 15:34:12,231 | INFO | nfe_scanner | Requisicao concluida | metodo=GET | rota=/faturistas/ | status=200 | duracao_ms=3.9
2026-06-09 15:34:12,232 | INFO | nfe_scanner | Requisicao concluida | metodo=GET | rota=/notas/ | status=200 | duracao_ms=5.1
2026-06-09 15:34:16,229 | INFO | nfe_scanner | Requisicao concluida | metodo=GET | rota=/faturistas/ | status=200 | duracao_ms=2.8
2026-06-09 15:34:16,230 | INFO | nfe_scanner | Requisicao concluida | metodo=GET | rota=/notas/ | status=200 | duracao_ms=4.7
2026-06-09 15:34:20,227 | INFO | nfe_scanner | Requisicao concluida | metodo=GET | rota=/notas/ | status=200 | duracao_ms=6.2
2026-06-09 15:34:20,228 | INFO | nfe_scanner | Requisicao concluida | metodo=GET | rota=/faturistas/ | status=200 | duracao_ms=7.1
2026-06-09 15:34:24,240 | INFO | nfe_scanner | Requisicao concluida | metodo=GET | rota=/notas/ | status=200 | duracao_ms=5.4
2026-06-09 15:34:24,240 | INFO | nfe_scanner | Requisicao concluida | metodo=GET | rota=/faturistas/ | status=200 | duracao_ms=5.3
2026-06-09 15:34:28,238 | INFO | nfe_scanner | Requisicao concluida | metodo=GET | rota=/faturistas/ | status=200 | duracao_ms=5.6
2026-06-09 15:34:28,239 | INFO | nfe_scanner | Requisicao concluida | metodo=GET | rota=/notas/ | status=200 | duracao_ms=7.5
2026-06-09 15:34:32,235 | INFO | nfe_scanner | Requisicao concluida | metodo=GET | rota=/faturistas/ | status=200 | duracao_ms=6.4
2026-06-09 15:34:32,239 | INFO | nfe_scanner | Requisicao concluida | metodo=GET | rota=/notas/ | status=200 | duracao_ms=11.5
2026-06-09 15:34:36,242 | INFO | nfe_scanner | Requisicao concluida | metodo=GET | rota=/faturistas/ | status=200 | duracao_ms=3.5
2026-06-09 15:34:36,245 | INFO | nfe_scanner | Requisicao concluida | metodo=GET | rota=/notas/ | status=200 | duracao_ms=6.2
2026-06-09 15:34:40,239 | INFO | nfe_scanner | Requisicao concluida | metodo=GET | rota=/notas/ | status=200 | duracao_ms=4.8
2026-06-09 15:34:40,241 | INFO | nfe_scanner | Requisicao concluida | metodo=GET | rota=/faturistas/ | status=200 | duracao_ms=5.7
2026-06-09 15:34:44,237 | INFO | nfe_scanner | Requisicao concluida | metodo=GET | rota=/notas/ | status=200 | duracao_ms=4.6
2026-06-09 15:34:44,238 | INFO | nfe_scanner | Requisicao concluida | metodo=GET | rota=/faturistas/ | status=200 | duracao_ms=5.0
2026-06-09 15:34:48,248 | INFO | nfe_scanner | Requisicao concluida | metodo=GET | rota=/faturistas/ | status=200 | duracao_ms=13.9
2026-06-09 15:34:48,251 | INFO | nfe_scanner | Requisicao concluida | metodo=GET | rota=/notas/ | status=200 | duracao_ms=20.4
2026-06-09 15:34:52,069 | INFO | nfe_scanner | Requisicao concluida | metodo=GET | rota=/notas/ | status=200 | duracao_ms=8.3
2026-06-09 15:34:52,073 | INFO | nfe_scanner | Requisicao concluida | metodo=GET | rota=/faturistas/ | status=200 | duracao_ms=10.9
2026-06-09 15:34:53,751 | INFO | nfe_scanner | Requisicao concluida | metodo=GET | rota=/painel | status=200 | duracao_ms=5.5
2026-06-09 15:34:53,801 | INFO | nfe_scanner | Requisicao concluida | metodo=GET | rota=/painel-assets/app.js | status=304 | duracao_ms=6.2
2026-06-09 15:34:53,832 | INFO | nfe_scanner | Requisicao concluida | metodo=GET | rota=/notas/ | status=200 | duracao_ms=11.3
2026-06-09 15:34:53,835 | INFO | nfe_scanner | Requisicao concluida | metodo=GET | rota=/faturistas/ | status=200 | duracao_ms=11.8
2026-06-09 15:34:55,442 | INFO | nfe_scanner | Requisicao concluida | metodo=GET | rota=/painel | status=200 | duracao_ms=1.9
2026-06-09 15:34:55,486 | INFO | nfe_scanner | Requisicao concluida | metodo=GET | rota=/faturistas/ | status=200 | duracao_ms=12.6
2026-06-09 15:34:55,491 | INFO | nfe_scanner | Requisicao concluida | metodo=GET | rota=/notas/ | status=200 | duracao_ms=18.7
2026-06-09 15:34:57,133 | INFO | nfe_scanner | Requisicao concluida | metodo=GET | rota=/faturistas/ | status=200 | duracao_ms=4.9
2026-06-09 15:34:57,135 | INFO | nfe_scanner | Requisicao concluida | metodo=GET | rota=/notas/ | status=200 | duracao_ms=8.0
2026-06-09 15:35:00,240 | INFO | nfe_scanner | Requisicao concluida | metodo=GET | rota=/notas/ | status=200 | duracao_ms=6.1
2026-06-09 15:35:00,241 | INFO | nfe_scanner | Requisicao concluida | metodo=GET | rota=/faturistas/ | status=200 | duracao_ms=6.8
2026-06-09 15:35:04,232 | INFO | nfe_scanner | Requisicao concluida | metodo=GET | rota=/faturistas/ | status=200 | duracao_ms=3.4
2026-06-09 15:35:04,233 | INFO | nfe_scanner | Requisicao concluida | metodo=GET | rota=/notas/ | status=200 | duracao_ms=5.3
2026-06-09 15:35:08,228 | INFO | nfe_scanner | Requisicao concluida | metodo=GET | rota=/notas/ | status=200 | duracao_ms=5.6
2026-06-09 15:35:08,230 | INFO | nfe_scanner | Requisicao concluida | metodo=GET | rota=/faturistas/ | status=200 | duracao_ms=5.8
2026-06-09 15:35:12,237 | INFO | nfe_scanner | Requisicao concluida | metodo=GET | rota=/notas/ | status=200 | duracao_ms=5.7
2026-06-09 15:35:12,239 | INFO | nfe_scanner | Requisicao concluida | metodo=GET | rota=/faturistas/ | status=200 | duracao_ms=5.4
2026-06-09 15:35:16,238 | INFO | nfe_scanner | Requisicao concluida | metodo=GET | rota=/faturistas/ | status=200 | duracao_ms=4.5
2026-06-09 15:35:16,240 | INFO | nfe_scanner | Requisicao concluida | metodo=GET | rota=/notas/ | status=200 | duracao_ms=7.8
2026-06-09 15:35:20,233 | INFO | nfe_scanner | Requisicao concluida | metodo=GET | rota=/faturistas/ | status=200 | duracao_ms=4.5
2026-06-09 15:35:20,234 | INFO | nfe_scanner | Requisicao concluida | metodo=GET | rota=/notas/ | status=200 | duracao_ms=6.2
2026-06-09 15:35:24,225 | INFO | nfe_scanner | Requisicao concluida | metodo=GET | rota=/notas/ | status=200 | duracao_ms=2.4
2026-06-09 15:35:24,226 | INFO | nfe_scanner | Requisicao concluida | metodo=GET | rota=/faturistas/ | status=200 | duracao_ms=2.7
2026-06-09 15:35:28,228 | INFO | nfe_scanner | Requisicao concluida | metodo=GET | rota=/faturistas/ | status=200 | duracao_ms=5.3
2026-06-09 15:35:28,229 | INFO | nfe_scanner | Requisicao concluida | metodo=GET | rota=/notas/ | status=200 | duracao_ms=6.9
2026-06-09 15:35:32,239 | INFO | nfe_scanner | Requisicao concluida | metodo=GET | rota=/faturistas/ | status=200 | duracao_ms=4.2
2026-06-09 15:35:32,240 | INFO | nfe_scanner | Requisicao concluida | metodo=GET | rota=/notas/ | status=200 | duracao_ms=5.6
2026-06-09 15:35:36,237 | INFO | nfe_scanner | Requisicao concluida | metodo=GET | rota=/faturistas/ | status=200 | duracao_ms=3.1
2026-06-09 15:35:36,239 | INFO | nfe_scanner | Requisicao concluida | metodo=GET | rota=/notas/ | status=200 | duracao_ms=6.1
2026-06-09 15:35:40,230 | INFO | nfe_scanner | Requisicao concluida | metodo=GET | rota=/faturistas/ | status=200 | duracao_ms=3.5
2026-06-09 15:35:40,231 | INFO | nfe_scanner | Requisicao concluida | metodo=GET | rota=/notas/ | status=200 | duracao_ms=5.3
2026-06-09 15:35:44,241 | INFO | nfe_scanner | Requisicao concluida | metodo=GET | rota=/notas/ | status=200 | duracao_ms=3.9
2026-06-09 15:35:44,243 | INFO | nfe_scanner | Requisicao concluida | metodo=GET | rota=/faturistas/ | status=200 | duracao_ms=3.8
2026-06-09 15:35:48,241 | INFO | nfe_scanner | Requisicao concluida | metodo=GET | rota=/faturistas/ | status=200 | duracao_ms=4.4
2026-06-09 15:35:48,245 | INFO | nfe_scanner | Requisicao concluida | metodo=GET | rota=/notas/ | status=200 | duracao_ms=8.8
2026-06-09 15:35:52,247 | INFO | nfe_scanner | Requisicao concluida | metodo=GET | rota=/faturistas/ | status=200 | duracao_ms=11.8
2026-06-09 15:35:52,249 | INFO | nfe_scanner | Requisicao concluida | metodo=GET | rota=/notas/ | status=200 | duracao_ms=14.7
2026-06-09 15:35:56,237 | INFO | nfe_scanner | Requisicao concluida | metodo=GET | rota=/faturistas/ | status=200 | duracao_ms=7.8
2026-06-09 15:35:56,240 | INFO | nfe_scanner | Requisicao concluida | metodo=GET | rota=/notas/ | status=200 | duracao_ms=11.1
2026-06-09 15:36:02,882 | INFO | nfe_scanner | Requisicao concluida | metodo=GET | rota=/painel | status=200 | duracao_ms=4.2
2026-06-09 15:36:03,052 | INFO | nfe_scanner | Requisicao concluida | metodo=GET | rota=/painel-assets/logo.jpg | status=200 | duracao_ms=118.2
2026-06-09 15:36:03,059 | INFO | nfe_scanner | Requisicao concluida | metodo=GET | rota=/painel-assets/styles.css | status=200 | duracao_ms=138.6
2026-06-09 15:36:03,073 | INFO | nfe_scanner | Requisicao concluida | metodo=GET | rota=/painel-assets/app.js | status=200 | duracao_ms=151.9
2026-06-09 15:36:03,347 | INFO | nfe_scanner | Requisicao concluida | metodo=GET | rota=/notas/ | status=200 | duracao_ms=23.2
2026-06-09 15:36:03,379 | WARNING | nfe_scanner | Requisicao concluida | metodo=GET | rota=/favicon.ico | status=404 | duracao_ms=31.8
2026-06-09 15:36:03,414 | INFO | nfe_scanner | Requisicao concluida | metodo=GET | rota=/faturistas/ | status=200 | duracao_ms=88.9
2026-06-09 15:36:03,645 | INFO | nfe_scanner | Requisicao concluida | metodo=GET | rota=/painel | status=200 | duracao_ms=2.2
2026-06-09 15:36:03,729 | INFO | nfe_scanner | Requisicao concluida | metodo=GET | rota=/painel-assets/logo.jpg | status=200 | duracao_ms=2.2
2026-06-09 15:36:18,424 | INFO | nfe_scanner | Requisicao concluida | metodo=GET | rota=/faturistas/ | status=200 | duracao_ms=17.9
2026-06-09 15:36:18,428 | INFO | nfe_scanner | Requisicao concluida | metodo=GET | rota=/notas/ | status=200 | duracao_ms=22.9
2026-06-09 15:36:19,485 | INFO | nfe_scanner | Requisicao concluida | metodo=GET | rota=/notas/ | status=200 | duracao_ms=9.6
2026-06-09 15:36:19,487 | INFO | nfe_scanner | Requisicao concluida | metodo=GET | rota=/faturistas/ | status=200 | duracao_ms=10.8
2026-06-09 15:36:19,986 | INFO | nfe_scanner | Requisicao concluida | metodo=GET | rota=/painel | status=200 | duracao_ms=3.1
2026-06-09 15:36:20,009 | INFO | nfe_scanner | Requisicao concluida | metodo=GET | rota=/painel-assets/logo.jpg | status=200 | duracao_ms=8.1
2026-06-09 15:36:20,014 | INFO | nfe_scanner | Requisicao concluida | metodo=GET | rota=/painel-assets/styles.css | status=200 | duracao_ms=9.6
2026-06-09 15:36:20,035 | INFO | nfe_scanner | Requisicao concluida | metodo=GET | rota=/faturistas/ | status=200 | duracao_ms=9.1
2026-06-09 15:36:20,038 | INFO | nfe_scanner | Requisicao concluida | metodo=GET | rota=/notas/ | status=200 | duracao_ms=12.0
2026-06-09 15:36:24,045 | INFO | nfe_scanner | Requisicao concluida | metodo=GET | rota=/notas/ | status=200 | duracao_ms=11.5
2026-06-09 15:36:24,047 | INFO | nfe_scanner | Requisicao concluida | metodo=GET | rota=/faturistas/ | status=200 | duracao_ms=12.0
2026-06-09 15:36:28,053 | INFO | nfe_scanner | Requisicao concluida | metodo=GET | rota=/notas/ | status=200 | duracao_ms=10.1
2026-06-09 15:36:28,054 | INFO | nfe_scanner | Requisicao concluida | metodo=GET | rota=/faturistas/ | status=200 | duracao_ms=10.7
2026-06-09 15:36:32,056 | INFO | nfe_scanner | Requisicao concluida | metodo=GET | rota=/faturistas/ | status=200 | duracao_ms=13.8
2026-06-09 15:36:32,058 | INFO | nfe_scanner | Requisicao concluida | metodo=GET | rota=/notas/ | status=200 | duracao_ms=16.5
2026-06-09 15:36:36,044 | INFO | nfe_scanner | Requisicao concluida | metodo=GET | rota=/faturistas/ | status=200 | duracao_ms=6.0
2026-06-09 15:36:36,047 | INFO | nfe_scanner | Requisicao concluida | metodo=GET | rota=/notas/ | status=200 | duracao_ms=9.5
2026-06-09 15:36:40,042 | INFO | nfe_scanner | Requisicao concluida | metodo=GET | rota=/faturistas/ | status=200 | duracao_ms=7.5
2026-06-09 15:36:40,045 | INFO | nfe_scanner | Requisicao concluida | metodo=GET | rota=/notas/ | status=200 | duracao_ms=11.7
2026-06-09 15:36:44,040 | INFO | nfe_scanner | Requisicao concluida | metodo=GET | rota=/faturistas/ | status=200 | duracao_ms=6.8
2026-06-09 15:36:44,045 | INFO | nfe_scanner | Requisicao concluida | metodo=GET | rota=/notas/ | status=200 | duracao_ms=12.5
2026-06-09 15:36:48,036 | INFO | nfe_scanner | Requisicao concluida | metodo=GET | rota=/notas/ | status=200 | duracao_ms=4.3
2026-06-09 15:36:48,042 | INFO | nfe_scanner | Requisicao concluida | metodo=GET | rota=/faturistas/ | status=200 | duracao_ms=10.6
2026-06-09 15:36:52,046 | INFO | nfe_scanner | Requisicao concluida | metodo=GET | rota=/notas/ | status=200 | duracao_ms=13.5
2026-06-09 15:36:52,048 | INFO | nfe_scanner | Requisicao concluida | metodo=GET | rota=/faturistas/ | status=200 | duracao_ms=14.8
2026-06-09 15:36:56,045 | INFO | nfe_scanner | Requisicao concluida | metodo=GET | rota=/faturistas/ | status=200 | duracao_ms=8.3
2026-06-09 15:36:56,048 | INFO | nfe_scanner | Requisicao concluida | metodo=GET | rota=/notas/ | status=200 | duracao_ms=12.0
2026-06-09 15:37:00,059 | INFO | nfe_scanner | Requisicao concluida | metodo=GET | rota=/notas/ | status=200 | duracao_ms=19.2
2026-06-09 15:37:00,064 | INFO | nfe_scanner | Requisicao concluida | metodo=GET | rota=/faturistas/ | status=200 | duracao_ms=21.3
2026-06-09 15:37:04,049 | INFO | nfe_scanner | Requisicao concluida | metodo=GET | rota=/faturistas/ | status=200 | duracao_ms=7.0
2026-06-09 15:37:04,051 | INFO | nfe_scanner | Requisicao concluida | metodo=GET | rota=/notas/ | status=200 | duracao_ms=10.5
2026-06-09 15:37:08,045 | INFO | nfe_scanner | Requisicao concluida | metodo=GET | rota=/faturistas/ | status=200 | duracao_ms=7.7
2026-06-09 15:37:08,047 | INFO | nfe_scanner | Requisicao concluida | metodo=GET | rota=/notas/ | status=200 | duracao_ms=11.6
2026-06-09 15:37:12,048 | INFO | nfe_scanner | Requisicao concluida | metodo=GET | rota=/faturistas/ | status=200 | duracao_ms=6.2
2026-06-09 15:37:12,054 | INFO | nfe_scanner | Requisicao concluida | metodo=GET | rota=/notas/ | status=200 | duracao_ms=13.5
2026-06-09 15:37:16,238 | INFO | nfe_scanner | Requisicao concluida | metodo=GET | rota=/faturistas/ | status=200 | duracao_ms=9.4
2026-06-09 15:37:16,241 | INFO | nfe_scanner | Requisicao concluida | metodo=GET | rota=/notas/ | status=200 | duracao_ms=13.8
2026-06-09 15:37:20,236 | INFO | nfe_scanner | Requisicao concluida | metodo=GET | rota=/faturistas/ | status=200 | duracao_ms=6.6
2026-06-09 15:37:20,237 | INFO | nfe_scanner | Requisicao concluida | metodo=GET | rota=/notas/ | status=200 | duracao_ms=9.0
2026-06-09 15:37:24,231 | INFO | nfe_scanner | Requisicao concluida | metodo=GET | rota=/faturistas/ | status=200 | duracao_ms=7.5
2026-06-09 15:37:24,232 | INFO | nfe_scanner | Requisicao concluida | metodo=GET | rota=/notas/ | status=200 | duracao_ms=9.3
2026-06-09 15:37:28,236 | INFO | nfe_scanner | Requisicao concluida | metodo=GET | rota=/faturistas/ | status=200 | duracao_ms=6.5
2026-06-09 15:37:28,239 | INFO | nfe_scanner | Requisicao concluida | metodo=GET | rota=/notas/ | status=200 | duracao_ms=9.9
2026-06-09 15:37:32,242 | INFO | nfe_scanner | Requisicao concluida | metodo=GET | rota=/notas/ | status=200 | duracao_ms=8.3
2026-06-09 15:37:32,244 | INFO | nfe_scanner | Requisicao concluida | metodo=GET | rota=/faturistas/ | status=200 | duracao_ms=9.4
2026-06-09 15:37:36,236 | INFO | nfe_scanner | Requisicao concluida | metodo=GET | rota=/faturistas/ | status=200 | duracao_ms=9.3
2026-06-09 15:37:36,241 | INFO | nfe_scanner | Requisicao concluida | metodo=GET | rota=/notas/ | status=200 | duracao_ms=15.8
2026-06-09 15:37:40,234 | INFO | nfe_scanner | Requisicao concluida | metodo=GET | rota=/faturistas/ | status=200 | duracao_ms=8.8
2026-06-09 15:37:40,237 | INFO | nfe_scanner | Requisicao concluida | metodo=GET | rota=/notas/ | status=200 | duracao_ms=12.2
2026-06-09 15:37:44,253 | INFO | nfe_scanner | Requisicao concluida | metodo=GET | rota=/faturistas/ | status=200 | duracao_ms=12.5
2026-06-09 15:37:44,257 | INFO | nfe_scanner | Requisicao concluida | metodo=GET | rota=/notas/ | status=200 | duracao_ms=19.7
2026-06-09 15:37:48,241 | INFO | nfe_scanner | Requisicao concluida | metodo=GET | rota=/faturistas/ | status=200 | duracao_ms=7.4
2026-06-09 15:37:48,243 | INFO | nfe_scanner | Requisicao concluida | metodo=GET | rota=/notas/ | status=200 | duracao_ms=11.2
2026-06-09 15:37:52,235 | INFO | nfe_scanner | Requisicao concluida | metodo=GET | rota=/faturistas/ | status=200 | duracao_ms=7.7
2026-06-09 15:37:52,238 | INFO | nfe_scanner | Requisicao concluida | metodo=GET | rota=/notas/ | status=200 | duracao_ms=12.1
2026-06-09 15:37:56,239 | INFO | nfe_scanner | Requisicao concluida | metodo=GET | rota=/faturistas/ | status=200 | duracao_ms=6.2
2026-06-09 15:37:56,242 | INFO | nfe_scanner | Requisicao concluida | metodo=GET | rota=/notas/ | status=200 | duracao_ms=10.0
2026-06-09 15:38:00,248 | INFO | nfe_scanner | Requisicao concluida | metodo=GET | rota=/faturistas/ | status=200 | duracao_ms=9.4
2026-06-09 15:38:00,254 | INFO | nfe_scanner | Requisicao concluida | metodo=GET | rota=/notas/ | status=200 | duracao_ms=16.7
2026-06-09 15:38:04,245 | INFO | nfe_scanner | Requisicao concluida | metodo=GET | rota=/faturistas/ | status=200 | duracao_ms=8.4
2026-06-09 15:38:04,249 | INFO | nfe_scanner | Requisicao concluida | metodo=GET | rota=/notas/ | status=200 | duracao_ms=13.0
2026-06-09 15:38:08,241 | INFO | nfe_scanner | Requisicao concluida | metodo=GET | rota=/faturistas/ | status=200 | duracao_ms=6.9
2026-06-09 15:38:08,244 | INFO | nfe_scanner | Requisicao concluida | metodo=GET | rota=/notas/ | status=200 | duracao_ms=10.6
2026-06-09 15:38:12,232 | INFO | nfe_scanner | Requisicao concluida | metodo=GET | rota=/faturistas/ | status=200 | duracao_ms=6.3
2026-06-09 15:38:12,234 | INFO | nfe_scanner | Requisicao concluida | metodo=GET | rota=/notas/ | status=200 | duracao_ms=10.1
2026-06-09 15:38:51,272 | INFO | nfe_scanner | Requisicao concluida | metodo=GET | rota=/faturistas/ | status=200 | duracao_ms=9.4
2026-06-09 15:38:51,273 | INFO | nfe_scanner | Requisicao concluida | metodo=GET | rota=/notas/ | status=200 | duracao_ms=11.9
2026-06-09 15:39:51,253 | INFO | nfe_scanner | Requisicao concluida | metodo=GET | rota=/notas/ | status=200 | duracao_ms=15.3
2026-06-09 15:39:51,256 | INFO | nfe_scanner | Requisicao concluida | metodo=GET | rota=/faturistas/ | status=200 | duracao_ms=15.3
2026-06-09 15:40:51,248 | INFO | nfe_scanner | Requisicao concluida | metodo=GET | rota=/notas/ | status=200 | duracao_ms=11.4
2026-06-09 15:40:51,253 | INFO | nfe_scanner | Requisicao concluida | metodo=GET | rota=/faturistas/ | status=200 | duracao_ms=14.4
2026-06-09 15:41:30,634 | INFO | nfe_scanner | Requisicao concluida | metodo=GET | rota=/faturistas/ | status=200 | duracao_ms=16.0
2026-06-09 15:41:30,640 | INFO | nfe_scanner | Requisicao concluida | metodo=GET | rota=/notas/ | status=200 | duracao_ms=23.1
2026-06-09 15:41:32,040 | INFO | nfe_scanner | Requisicao concluida | metodo=GET | rota=/faturistas/ | status=200 | duracao_ms=7.6
2026-06-09 15:41:32,047 | INFO | nfe_scanner | Requisicao concluida | metodo=GET | rota=/notas/ | status=200 | duracao_ms=15.8
2026-06-09 15:41:36,042 | INFO | nfe_scanner | Requisicao concluida | metodo=GET | rota=/faturistas/ | status=200 | duracao_ms=8.7
2026-06-09 15:41:36,051 | INFO | nfe_scanner | Requisicao concluida | metodo=GET | rota=/notas/ | status=200 | duracao_ms=18.4
2026-06-09 15:41:40,227 | INFO | nfe_scanner | Requisicao concluida | metodo=GET | rota=/faturistas/ | status=200 | duracao_ms=6.1
2026-06-09 15:41:40,229 | INFO | nfe_scanner | Requisicao concluida | metodo=GET | rota=/notas/ | status=200 | duracao_ms=9.1
2026-06-09 15:41:44,246 | INFO | nfe_scanner | Requisicao concluida | metodo=GET | rota=/faturistas/ | status=200 | duracao_ms=8.4
2026-06-09 15:41:44,252 | INFO | nfe_scanner | Requisicao concluida | metodo=GET | rota=/notas/ | status=200 | duracao_ms=15.0
2026-06-09 15:41:48,039 | INFO | nfe_scanner | Requisicao concluida | metodo=GET | rota=/faturistas/ | status=200 | duracao_ms=7.8
2026-06-09 15:41:48,041 | INFO | nfe_scanner | Requisicao concluida | metodo=GET | rota=/notas/ | status=200 | duracao_ms=10.6
2026-06-09 15:41:52,041 | INFO | nfe_scanner | Requisicao concluida | metodo=GET | rota=/faturistas/ | status=200 | duracao_ms=10.2
2026-06-09 15:41:52,043 | INFO | nfe_scanner | Requisicao concluida | metodo=GET | rota=/notas/ | status=200 | duracao_ms=12.0
2026-06-09 15:41:56,051 | INFO | nfe_scanner | Requisicao concluida | metodo=GET | rota=/faturistas/ | status=200 | duracao_ms=8.8
2026-06-09 15:41:56,056 | INFO | nfe_scanner | Requisicao concluida | metodo=GET | rota=/notas/ | status=200 | duracao_ms=14.6
2026-06-09 15:41:59,826 | INFO | nfe_scanner.integracao | Consultando API fiscal | chave=312606...161708
2026-06-09 15:42:00,049 | INFO | nfe_scanner.integracao | API fiscal respondeu | chave=312606...161708 | status=200 | bytes=4744
2026-06-09 15:42:00,061 | INFO | nfe_scanner.integracao | Nota fiscal consultada | chave=312606...161708 | numero=277620 | fornecedor=Vale S.A.
2026-06-09 15:42:00,066 | INFO | nfe_scanner | Leitura concluida | chave=312606...161708 | numero=277620
2026-06-09 15:42:00,089 | INFO | nfe_scanner | Requisicao concluida | metodo=GET | rota=/faturistas/ | status=200 | duracao_ms=26.3
2026-06-09 15:42:00,093 | INFO | nfe_scanner | Requisicao concluida | metodo=POST | rota=/barcode-nf/ | status=200 | duracao_ms=290.7
2026-06-09 15:42:00,101 | INFO | nfe_scanner | Requisicao concluida | metodo=GET | rota=/notas/ | status=200 | duracao_ms=50.9
2026-06-09 15:42:04,052 | INFO | nfe_scanner | Requisicao concluida | metodo=GET | rota=/faturistas/ | status=200 | duracao_ms=10.2
2026-06-09 15:42:04,055 | INFO | nfe_scanner | Requisicao concluida | metodo=GET | rota=/notas/ | status=200 | duracao_ms=14.2
2026-06-09 15:42:07,610 | INFO | nfe_scanner | Nota cadastrada | id=7 | numero=277620 | local=A1BR/PRU
2026-06-09 15:42:07,614 | INFO | nfe_scanner | Requisicao concluida | metodo=POST | rota=/notas/ | status=200 | duracao_ms=64.9
2026-06-09 15:42:07,627 | INFO | nfe_scanner | Requisicao concluida | metodo=GET | rota=/notas/ | status=200 | duracao_ms=8.0
2026-06-09 15:42:07,629 | INFO | nfe_scanner | Requisicao concluida | metodo=GET | rota=/faturistas/ | status=200 | duracao_ms=8.8
2026-06-09 15:42:08,051 | INFO | nfe_scanner | Requisicao concluida | metodo=GET | rota=/notas/ | status=200 | duracao_ms=12.9
2026-06-09 15:42:08,053 | INFO | nfe_scanner | Requisicao concluida | metodo=GET | rota=/faturistas/ | status=200 | duracao_ms=15.0
2026-06-09 15:42:11,098 | INFO | nfe_scanner | Requisicao concluida | metodo=GET | rota=/faturistas/ | status=200 | duracao_ms=7.5
2026-06-09 15:42:11,102 | INFO | nfe_scanner | Requisicao concluida | metodo=GET | rota=/notas/ | status=200 | duracao_ms=12.0
2026-06-09 15:42:12,037 | INFO | nfe_scanner | Requisicao concluida | metodo=GET | rota=/faturistas/ | status=200 | duracao_ms=6.6
2026-06-09 15:42:12,041 | INFO | nfe_scanner | Requisicao concluida | metodo=GET | rota=/notas/ | status=200 | duracao_ms=10.6
2026-06-09 15:42:16,045 | INFO | nfe_scanner | Requisicao concluida | metodo=GET | rota=/notas/ | status=200 | duracao_ms=5.5
2026-06-09 15:42:16,047 | INFO | nfe_scanner | Requisicao concluida | metodo=GET | rota=/faturistas/ | status=200 | duracao_ms=7.2
2026-06-09 15:42:20,235 | INFO | nfe_scanner | Requisicao concluida | metodo=GET | rota=/faturistas/ | status=200 | duracao_ms=10.6
2026-06-09 15:42:20,237 | INFO | nfe_scanner | Requisicao concluida | metodo=GET | rota=/notas/ | status=200 | duracao_ms=14.2
2026-06-09 15:42:24,241 | INFO | nfe_scanner | Requisicao concluida | metodo=GET | rota=/faturistas/ | status=200 | duracao_ms=6.4
2026-06-09 15:42:24,249 | INFO | nfe_scanner | Requisicao concluida | metodo=GET | rota=/notas/ | status=200 | duracao_ms=15.2
2026-06-09 15:42:28,235 | INFO | nfe_scanner | Requisicao concluida | metodo=GET | rota=/faturistas/ | status=200 | duracao_ms=7.7
2026-06-09 15:42:28,239 | INFO | nfe_scanner | Requisicao concluida | metodo=GET | rota=/notas/ | status=200 | duracao_ms=13.5
2026-06-09 15:42:32,247 | INFO | nfe_scanner | Requisicao concluida | metodo=GET | rota=/faturistas/ | status=200 | duracao_ms=9.1
2026-06-09 15:42:32,249 | INFO | nfe_scanner | Requisicao concluida | metodo=GET | rota=/notas/ | status=200 | duracao_ms=12.2
2026-06-09 15:42:36,241 | INFO | nfe_scanner | Requisicao concluida | metodo=GET | rota=/faturistas/ | status=200 | duracao_ms=6.6
2026-06-09 15:42:36,244 | INFO | nfe_scanner | Requisicao concluida | metodo=GET | rota=/notas/ | status=200 | duracao_ms=10.1
2026-06-09 15:42:40,253 | INFO | nfe_scanner | Requisicao concluida | metodo=GET | rota=/faturistas/ | status=200 | duracao_ms=26.3
2026-06-09 15:42:40,255 | INFO | nfe_scanner | Requisicao concluida | metodo=GET | rota=/notas/ | status=200 | duracao_ms=29.8
2026-06-09 15:42:44,237 | INFO | nfe_scanner | Requisicao concluida | metodo=GET | rota=/faturistas/ | status=200 | duracao_ms=7.3
2026-06-09 15:42:44,240 | INFO | nfe_scanner | Requisicao concluida | metodo=GET | rota=/notas/ | status=200 | duracao_ms=12.2
2026-06-09 15:42:48,242 | INFO | nfe_scanner | Requisicao concluida | metodo=GET | rota=/faturistas/ | status=200 | duracao_ms=10.1
2026-06-09 15:42:48,244 | INFO | nfe_scanner | Requisicao concluida | metodo=GET | rota=/notas/ | status=200 | duracao_ms=12.5
2026-06-09 15:42:52,232 | INFO | nfe_scanner | Requisicao concluida | metodo=GET | rota=/notas/ | status=200 | duracao_ms=8.9
2026-06-09 15:42:52,234 | INFO | nfe_scanner | Requisicao concluida | metodo=GET | rota=/faturistas/ | status=200 | duracao_ms=10.1
2026-06-09 15:42:56,233 | INFO | nfe_scanner | Requisicao concluida | metodo=GET | rota=/notas/ | status=200 | duracao_ms=9.8
2026-06-09 15:42:56,235 | INFO | nfe_scanner | Requisicao concluida | metodo=GET | rota=/faturistas/ | status=200 | duracao_ms=11.7
2026-06-09 15:43:00,225 | INFO | nfe_scanner | Requisicao concluida | metodo=GET | rota=/faturistas/ | status=200 | duracao_ms=5.7
2026-06-09 15:43:00,230 | INFO | nfe_scanner | Requisicao concluida | metodo=GET | rota=/notas/ | status=200 | duracao_ms=10.7
2026-06-09 15:43:04,231 | INFO | nfe_scanner | Requisicao concluida | metodo=GET | rota=/faturistas/ | status=200 | duracao_ms=6.9
2026-06-09 15:43:04,235 | INFO | nfe_scanner | Requisicao concluida | metodo=GET | rota=/notas/ | status=200 | duracao_ms=11.6
2026-06-09 15:43:08,243 | INFO | nfe_scanner | Requisicao concluida | metodo=GET | rota=/notas/ | status=200 | duracao_ms=14.4
2026-06-09 15:43:08,247 | INFO | nfe_scanner | Requisicao concluida | metodo=GET | rota=/faturistas/ | status=200 | duracao_ms=17.0
2026-06-09 15:43:12,248 | INFO | nfe_scanner | Requisicao concluida | metodo=GET | rota=/faturistas/ | status=200 | duracao_ms=9.9
2026-06-09 15:43:12,252 | INFO | nfe_scanner | Requisicao concluida | metodo=GET | rota=/notas/ | status=200 | duracao_ms=15.6
2026-06-09 15:43:16,243 | INFO | nfe_scanner | Requisicao concluida | metodo=GET | rota=/faturistas/ | status=200 | duracao_ms=9.1
2026-06-09 15:43:16,246 | INFO | nfe_scanner | Requisicao concluida | metodo=GET | rota=/notas/ | status=200 | duracao_ms=13.0
2026-06-09 15:43:51,243 | INFO | nfe_scanner | Requisicao concluida | metodo=GET | rota=/notas/ | status=200 | duracao_ms=16.5
2026-06-09 15:43:51,244 | INFO | nfe_scanner | Requisicao concluida | metodo=GET | rota=/faturistas/ | status=200 | duracao_ms=17.6
2026-06-09 15:44:51,257 | INFO | nfe_scanner | Requisicao concluida | metodo=GET | rota=/faturistas/ | status=200 | duracao_ms=13.9
2026-06-09 15:44:51,261 | INFO | nfe_scanner | Requisicao concluida | metodo=GET | rota=/notas/ | status=200 | duracao_ms=22.7
2026-06-09 15:44:52,164 | INFO | nfe_scanner | Requisicao concluida | metodo=GET | rota=/faturistas/ | status=200 | duracao_ms=7.6
2026-06-09 15:44:52,170 | INFO | nfe_scanner | Requisicao concluida | metodo=GET | rota=/notas/ | status=200 | duracao_ms=14.9
2026-06-09 15:44:56,042 | INFO | nfe_scanner | Requisicao concluida | metodo=GET | rota=/notas/ | status=200 | duracao_ms=4.3
2026-06-09 15:44:56,050 | INFO | nfe_scanner | Requisicao concluida | metodo=GET | rota=/faturistas/ | status=200 | duracao_ms=11.5
2026-06-09 15:45:00,048 | INFO | nfe_scanner | Requisicao concluida | metodo=GET | rota=/notas/ | status=200 | duracao_ms=11.7
2026-06-09 15:45:00,051 | INFO | nfe_scanner | Requisicao concluida | metodo=GET | rota=/faturistas/ | status=200 | duracao_ms=13.8
2026-06-09 15:45:04,049 | INFO | nfe_scanner | Requisicao concluida | metodo=GET | rota=/notas/ | status=200 | duracao_ms=9.0
2026-06-09 15:45:04,051 | INFO | nfe_scanner | Requisicao concluida | metodo=GET | rota=/faturistas/ | status=200 | duracao_ms=9.6
2026-06-09 15:45:08,047 | INFO | nfe_scanner | Requisicao concluida | metodo=GET | rota=/faturistas/ | status=200 | duracao_ms=4.4
2026-06-09 15:45:08,052 | INFO | nfe_scanner | Requisicao concluida | metodo=GET | rota=/notas/ | status=200 | duracao_ms=9.9
2026-06-09 15:45:12,040 | INFO | nfe_scanner | Requisicao concluida | metodo=GET | rota=/faturistas/ | status=200 | duracao_ms=7.7
2026-06-09 15:45:12,042 | INFO | nfe_scanner | Requisicao concluida | metodo=GET | rota=/notas/ | status=200 | duracao_ms=11.3
2026-06-09 15:45:16,038 | INFO | nfe_scanner | Requisicao concluida | metodo=GET | rota=/faturistas/ | status=200 | duracao_ms=7.2
2026-06-09 15:45:16,041 | INFO | nfe_scanner | Requisicao concluida | metodo=GET | rota=/notas/ | status=200 | duracao_ms=11.1
2026-06-09 15:45:20,045 | INFO | nfe_scanner | Requisicao concluida | metodo=GET | rota=/faturistas/ | status=200 | duracao_ms=9.1
2026-06-09 15:45:20,048 | INFO | nfe_scanner | Requisicao concluida | metodo=GET | rota=/notas/ | status=200 | duracao_ms=12.4
2026-06-09 15:45:24,038 | INFO | nfe_scanner | Requisicao concluida | metodo=GET | rota=/faturistas/ | status=200 | duracao_ms=5.4
2026-06-09 15:45:24,041 | INFO | nfe_scanner | Requisicao concluida | metodo=GET | rota=/notas/ | status=200 | duracao_ms=9.0
2026-06-09 15:45:28,040 | INFO | nfe_scanner | Requisicao concluida | metodo=GET | rota=/notas/ | status=200 | duracao_ms=10.5
2026-06-09 15:45:28,042 | INFO | nfe_scanner | Requisicao concluida | metodo=GET | rota=/faturistas/ | status=200 | duracao_ms=11.3
2026-06-09 15:45:32,048 | INFO | nfe_scanner | Requisicao concluida | metodo=GET | rota=/faturistas/ | status=200 | duracao_ms=8.2
2026-06-09 15:45:32,053 | INFO | nfe_scanner | Requisicao concluida | metodo=GET | rota=/notas/ | status=200 | duracao_ms=13.1
2026-06-09 15:45:36,038 | INFO | nfe_scanner | Requisicao concluida | metodo=GET | rota=/faturistas/ | status=200 | duracao_ms=6.8
2026-06-09 15:45:36,044 | INFO | nfe_scanner | Requisicao concluida | metodo=GET | rota=/notas/ | status=200 | duracao_ms=13.5
2026-06-09 15:45:40,038 | INFO | nfe_scanner | Requisicao concluida | metodo=GET | rota=/faturistas/ | status=200 | duracao_ms=7.6
2026-06-09 15:45:40,041 | INFO | nfe_scanner | Requisicao concluida | metodo=GET | rota=/notas/ | status=200 | duracao_ms=11.3
2026-06-09 15:45:44,049 | INFO | nfe_scanner | Requisicao concluida | metodo=GET | rota=/notas/ | status=200 | duracao_ms=12.6
2026-06-09 15:45:44,057 | INFO | nfe_scanner | Requisicao concluida | metodo=GET | rota=/faturistas/ | status=200 | duracao_ms=19.5
2026-06-09 15:45:48,039 | INFO | nfe_scanner | Requisicao concluida | metodo=GET | rota=/notas/ | status=200 | duracao_ms=8.1
2026-06-09 15:45:48,042 | INFO | nfe_scanner | Requisicao concluida | metodo=GET | rota=/faturistas/ | status=200 | duracao_ms=9.3
2026-06-09 15:45:52,242 | INFO | nfe_scanner | Requisicao concluida | metodo=GET | rota=/notas/ | status=200 | duracao_ms=7.2
2026-06-09 15:45:52,248 | INFO | nfe_scanner | Requisicao concluida | metodo=GET | rota=/faturistas/ | status=200 | duracao_ms=13.3
2026-06-09 15:45:56,247 | INFO | nfe_scanner | Requisicao concluida | metodo=GET | rota=/faturistas/ | status=200 | duracao_ms=8.1
2026-06-09 15:45:56,254 | INFO | nfe_scanner | Requisicao concluida | metodo=GET | rota=/notas/ | status=200 | duracao_ms=16.6
2026-06-09 15:46:00,233 | INFO | nfe_scanner | Requisicao concluida | metodo=GET | rota=/notas/ | status=200 | duracao_ms=9.3
2026-06-09 15:46:00,235 | INFO | nfe_scanner | Requisicao concluida | metodo=GET | rota=/faturistas/ | status=200 | duracao_ms=10.9
2026-06-09 15:46:04,226 | INFO | nfe_scanner | Requisicao concluida | metodo=GET | rota=/notas/ | status=200 | duracao_ms=7.0
2026-06-09 15:46:04,228 | INFO | nfe_scanner | Requisicao concluida | metodo=GET | rota=/faturistas/ | status=200 | duracao_ms=7.8
2026-06-09 15:46:08,236 | INFO | nfe_scanner | Requisicao concluida | metodo=GET | rota=/faturistas/ | status=200 | duracao_ms=6.2
2026-06-09 15:46:08,245 | INFO | nfe_scanner | Requisicao concluida | metodo=GET | rota=/notas/ | status=200 | duracao_ms=15.8
2026-06-09 15:46:12,233 | INFO | nfe_scanner | Requisicao concluida | metodo=GET | rota=/notas/ | status=200 | duracao_ms=9.2
2026-06-09 15:46:12,236 | INFO | nfe_scanner | Requisicao concluida | metodo=GET | rota=/faturistas/ | status=200 | duracao_ms=9.9
2026-06-09 15:46:16,246 | INFO | nfe_scanner | Requisicao concluida | metodo=GET | rota=/faturistas/ | status=200 | duracao_ms=16.4
2026-06-09 15:46:16,249 | INFO | nfe_scanner | Requisicao concluida | metodo=GET | rota=/notas/ | status=200 | duracao_ms=22.2
2026-06-09 15:46:20,234 | INFO | nfe_scanner | Requisicao concluida | metodo=GET | rota=/faturistas/ | status=200 | duracao_ms=4.6
2026-06-09 15:46:20,237 | INFO | nfe_scanner | Requisicao concluida | metodo=GET | rota=/notas/ | status=200 | duracao_ms=10.6
2026-06-09 15:46:24,244 | INFO | nfe_scanner | Requisicao concluida | metodo=GET | rota=/faturistas/ | status=200 | duracao_ms=9.6
2026-06-09 15:46:24,249 | INFO | nfe_scanner | Requisicao concluida | metodo=GET | rota=/notas/ | status=200 | duracao_ms=15.4
2026-06-09 15:46:28,240 | INFO | nfe_scanner | Requisicao concluida | metodo=GET | rota=/notas/ | status=200 | duracao_ms=8.6
2026-06-09 15:46:28,242 | INFO | nfe_scanner | Requisicao concluida | metodo=GET | rota=/faturistas/ | status=200 | duracao_ms=9.5
2026-06-09 15:46:32,250 | INFO | nfe_scanner | Requisicao concluida | metodo=GET | rota=/faturistas/ | status=200 | duracao_ms=4.8
2026-06-09 15:46:32,252 | INFO | nfe_scanner | Requisicao concluida | metodo=GET | rota=/notas/ | status=200 | duracao_ms=8.5
2026-06-09 15:46:36,238 | INFO | nfe_scanner | Requisicao concluida | metodo=GET | rota=/notas/ | status=200 | duracao_ms=8.1
2026-06-09 15:46:36,240 | INFO | nfe_scanner | Requisicao concluida | metodo=GET | rota=/faturistas/ | status=200 | duracao_ms=8.3
2026-06-09 15:46:40,230 | INFO | nfe_scanner | Requisicao concluida | metodo=GET | rota=/faturistas/ | status=200 | duracao_ms=5.2
2026-06-09 15:46:40,232 | INFO | nfe_scanner | Requisicao concluida | metodo=GET | rota=/notas/ | status=200 | duracao_ms=8.1
2026-06-09 15:46:44,227 | INFO | nfe_scanner | Requisicao concluida | metodo=GET | rota=/notas/ | status=200 | duracao_ms=5.3
2026-06-09 15:46:44,229 | INFO | nfe_scanner | Requisicao concluida | metodo=GET | rota=/faturistas/ | status=200 | duracao_ms=6.2
2026-06-09 15:46:48,239 | INFO | nfe_scanner | Requisicao concluida | metodo=GET | rota=/faturistas/ | status=200 | duracao_ms=7.6
2026-06-09 15:46:48,242 | INFO | nfe_scanner | Requisicao concluida | metodo=GET | rota=/notas/ | status=200 | duracao_ms=10.4
2026-06-09 15:47:49,240 | INFO | nfe_scanner | Requisicao concluida | metodo=GET | rota=/faturistas/ | status=200 | duracao_ms=6.3
2026-06-09 15:47:49,243 | INFO | nfe_scanner | Requisicao concluida | metodo=GET | rota=/notas/ | status=200 | duracao_ms=11.1
2026-06-09 15:48:50,240 | INFO | nfe_scanner | Requisicao concluida | metodo=GET | rota=/faturistas/ | status=200 | duracao_ms=5.3
2026-06-09 15:48:50,242 | INFO | nfe_scanner | Requisicao concluida | metodo=GET | rota=/notas/ | status=200 | duracao_ms=8.2
2026-06-09 15:49:51,233 | INFO | nfe_scanner | Requisicao concluida | metodo=GET | rota=/faturistas/ | status=200 | duracao_ms=4.6
2026-06-09 15:49:51,237 | INFO | nfe_scanner | Requisicao concluida | metodo=GET | rota=/notas/ | status=200 | duracao_ms=8.7
2026-06-09 15:50:51,238 | INFO | nfe_scanner | Requisicao concluida | metodo=GET | rota=/faturistas/ | status=200 | duracao_ms=10.4
2026-06-09 15:50:51,240 | INFO | nfe_scanner | Requisicao concluida | metodo=GET | rota=/notas/ | status=200 | duracao_ms=13.3
2026-06-09 15:51:51,236 | INFO | nfe_scanner | Requisicao concluida | metodo=GET | rota=/notas/ | status=200 | duracao_ms=7.1
2026-06-09 15:51:51,239 | INFO | nfe_scanner | Requisicao concluida | metodo=GET | rota=/faturistas/ | status=200 | duracao_ms=6.3
2026-06-09 15:52:51,228 | INFO | nfe_scanner | Requisicao concluida | metodo=GET | rota=/faturistas/ | status=200 | duracao_ms=4.9
2026-06-09 15:52:51,231 | INFO | nfe_scanner | Requisicao concluida | metodo=GET | rota=/notas/ | status=200 | duracao_ms=8.3
2026-06-09 15:53:51,242 | INFO | nfe_scanner | Requisicao concluida | metodo=GET | rota=/notas/ | status=200 | duracao_ms=8.8
2026-06-09 15:53:51,245 | INFO | nfe_scanner | Requisicao concluida | metodo=GET | rota=/faturistas/ | status=200 | duracao_ms=10.5
2026-06-09 15:54:52,168 | INFO | nfe_scanner | Requisicao concluida | metodo=GET | rota=/notas/ | status=200 | duracao_ms=11.6
2026-06-09 15:54:52,169 | INFO | nfe_scanner | Requisicao concluida | metodo=GET | rota=/faturistas/ | status=200 | duracao_ms=12.4
2026-06-09 15:54:56,041 | INFO | nfe_scanner | Requisicao concluida | metodo=GET | rota=/faturistas/ | status=200 | duracao_ms=9.1
2026-06-09 15:54:56,044 | INFO | nfe_scanner | Requisicao concluida | metodo=GET | rota=/notas/ | status=200 | duracao_ms=13.1
2026-06-09 15:55:00,043 | INFO | nfe_scanner | Requisicao concluida | metodo=GET | rota=/faturistas/ | status=200 | duracao_ms=12.4
2026-06-09 15:55:00,048 | INFO | nfe_scanner | Requisicao concluida | metodo=GET | rota=/notas/ | status=200 | duracao_ms=19.0
2026-06-09 15:55:04,048 | INFO | nfe_scanner | Requisicao concluida | metodo=GET | rota=/faturistas/ | status=200 | duracao_ms=7.6
2026-06-09 15:55:04,053 | INFO | nfe_scanner | Requisicao concluida | metodo=GET | rota=/notas/ | status=200 | duracao_ms=12.7
2026-06-09 15:55:08,043 | INFO | nfe_scanner | Requisicao concluida | metodo=GET | rota=/faturistas/ | status=200 | duracao_ms=7.8
2026-06-09 15:55:08,050 | INFO | nfe_scanner | Requisicao concluida | metodo=GET | rota=/notas/ | status=200 | duracao_ms=16.1
2026-06-09 15:55:12,051 | INFO | nfe_scanner | Requisicao concluida | metodo=GET | rota=/notas/ | status=200 | duracao_ms=11.2
2026-06-09 15:55:12,054 | INFO | nfe_scanner | Requisicao concluida | metodo=GET | rota=/faturistas/ | status=200 | duracao_ms=13.1
2026-06-09 15:55:16,052 | INFO | nfe_scanner | Requisicao concluida | metodo=GET | rota=/faturistas/ | status=200 | duracao_ms=7.4
2026-06-09 15:55:16,054 | INFO | nfe_scanner | Requisicao concluida | metodo=GET | rota=/notas/ | status=200 | duracao_ms=10.7
2026-06-09 15:55:20,040 | INFO | nfe_scanner | Requisicao concluida | metodo=GET | rota=/notas/ | status=200 | duracao_ms=8.2
2026-06-09 15:55:20,043 | INFO | nfe_scanner | Requisicao concluida | metodo=GET | rota=/faturistas/ | status=200 | duracao_ms=10.4
2026-06-09 15:55:24,039 | INFO | nfe_scanner | Requisicao concluida | metodo=GET | rota=/faturistas/ | status=200 | duracao_ms=5.4
2026-06-09 15:55:24,044 | INFO | nfe_scanner | Requisicao concluida | metodo=GET | rota=/notas/ | status=200 | duracao_ms=10.7
2026-06-09 15:55:28,045 | INFO | nfe_scanner | Requisicao concluida | metodo=GET | rota=/faturistas/ | status=200 | duracao_ms=6.3
2026-06-09 15:55:28,048 | INFO | nfe_scanner | Requisicao concluida | metodo=GET | rota=/notas/ | status=200 | duracao_ms=9.5
2026-06-09 15:55:32,041 | INFO | nfe_scanner | Requisicao concluida | metodo=GET | rota=/faturistas/ | status=200 | duracao_ms=6.8
2026-06-09 15:55:32,047 | INFO | nfe_scanner | Requisicao concluida | metodo=GET | rota=/notas/ | status=200 | duracao_ms=13.0
2026-06-09 15:55:36,049 | INFO | nfe_scanner | Requisicao concluida | metodo=GET | rota=/faturistas/ | status=200 | duracao_ms=8.0
2026-06-09 15:55:36,055 | INFO | nfe_scanner | Requisicao concluida | metodo=GET | rota=/notas/ | status=200 | duracao_ms=14.7
2026-06-09 15:55:40,048 | INFO | nfe_scanner | Requisicao concluida | metodo=GET | rota=/notas/ | status=200 | duracao_ms=4.9
2026-06-09 15:55:40,054 | INFO | nfe_scanner | Requisicao concluida | metodo=GET | rota=/faturistas/ | status=200 | duracao_ms=10.1
2026-06-09 15:55:44,044 | INFO | nfe_scanner | Requisicao concluida | metodo=GET | rota=/faturistas/ | status=200 | duracao_ms=11.2
2026-06-09 15:55:44,053 | INFO | nfe_scanner | Requisicao concluida | metodo=GET | rota=/notas/ | status=200 | duracao_ms=20.6
2026-06-09 15:55:48,039 | INFO | nfe_scanner | Requisicao concluida | metodo=GET | rota=/notas/ | status=200 | duracao_ms=6.7
2026-06-09 15:55:48,040 | INFO | nfe_scanner | Requisicao concluida | metodo=GET | rota=/faturistas/ | status=200 | duracao_ms=7.8
2026-06-09 15:55:52,039 | INFO | nfe_scanner | Requisicao concluida | metodo=GET | rota=/notas/ | status=200 | duracao_ms=9.9
2026-06-09 15:55:52,041 | INFO | nfe_scanner | Requisicao concluida | metodo=GET | rota=/faturistas/ | status=200 | duracao_ms=10.7
2026-06-09 15:55:56,041 | INFO | nfe_scanner | Requisicao concluida | metodo=GET | rota=/faturistas/ | status=200 | duracao_ms=6.3
2026-06-09 15:55:56,045 | INFO | nfe_scanner | Requisicao concluida | metodo=GET | rota=/notas/ | status=200 | duracao_ms=12.3
2026-06-09 15:56:00,060 | INFO | nfe_scanner | Requisicao concluida | metodo=GET | rota=/faturistas/ | status=200 | duracao_ms=14.4
2026-06-09 15:56:00,064 | INFO | nfe_scanner | Requisicao concluida | metodo=GET | rota=/notas/ | status=200 | duracao_ms=20.0
2026-06-09 15:56:04,039 | INFO | nfe_scanner | Requisicao concluida | metodo=GET | rota=/faturistas/ | status=200 | duracao_ms=5.3
2026-06-09 15:56:04,041 | INFO | nfe_scanner | Requisicao concluida | metodo=GET | rota=/notas/ | status=200 | duracao_ms=8.0
2026-06-09 15:56:08,048 | INFO | nfe_scanner | Requisicao concluida | metodo=GET | rota=/notas/ | status=200 | duracao_ms=6.3
2026-06-09 15:56:08,051 | INFO | nfe_scanner | Requisicao concluida | metodo=GET | rota=/faturistas/ | status=200 | duracao_ms=8.3
2026-06-09 15:56:12,036 | INFO | nfe_scanner | Requisicao concluida | metodo=GET | rota=/faturistas/ | status=200 | duracao_ms=7.5
2026-06-09 15:56:12,039 | INFO | nfe_scanner | Requisicao concluida | metodo=GET | rota=/notas/ | status=200 | duracao_ms=10.7
2026-06-09 15:56:16,046 | INFO | nfe_scanner | Requisicao concluida | metodo=GET | rota=/notas/ | status=200 | duracao_ms=7.1
2026-06-09 15:56:16,050 | INFO | nfe_scanner | Requisicao concluida | metodo=GET | rota=/faturistas/ | status=200 | duracao_ms=10.8
2026-06-09 15:56:20,046 | INFO | nfe_scanner | Requisicao concluida | metodo=GET | rota=/faturistas/ | status=200 | duracao_ms=8.1
2026-06-09 15:56:20,051 | INFO | nfe_scanner | Requisicao concluida | metodo=GET | rota=/notas/ | status=200 | duracao_ms=13.4
2026-06-09 15:56:24,040 | INFO | nfe_scanner | Requisicao concluida | metodo=GET | rota=/faturistas/ | status=200 | duracao_ms=6.9
2026-06-09 15:56:24,043 | INFO | nfe_scanner | Requisicao concluida | metodo=GET | rota=/notas/ | status=200 | duracao_ms=11.5
2026-06-09 15:56:28,054 | INFO | nfe_scanner | Requisicao concluida | metodo=GET | rota=/faturistas/ | status=200 | duracao_ms=9.4
2026-06-09 15:56:28,059 | INFO | nfe_scanner | Requisicao concluida | metodo=GET | rota=/notas/ | status=200 | duracao_ms=16.0
2026-06-09 15:56:32,043 | INFO | nfe_scanner | Requisicao concluida | metodo=GET | rota=/notas/ | status=200 | duracao_ms=9.2
2026-06-09 15:56:32,045 | INFO | nfe_scanner | Requisicao concluida | metodo=GET | rota=/faturistas/ | status=200 | duracao_ms=9.7
2026-06-09 15:56:33,105 | INFO | nfe_scanner | Nota excluida | id=7 | numero=277620
2026-06-09 15:56:33,110 | INFO | nfe_scanner | Requisicao concluida | metodo=DELETE | rota=/notas/7/ | status=200 | duracao_ms=55.0
2026-06-09 15:56:33,124 | INFO | nfe_scanner | Requisicao concluida | metodo=GET | rota=/faturistas/ | status=200 | duracao_ms=6.0
2026-06-09 15:56:33,125 | INFO | nfe_scanner | Requisicao concluida | metodo=GET | rota=/notas/ | status=200 | duracao_ms=8.2
2026-06-09 15:56:36,045 | INFO | nfe_scanner | Requisicao concluida | metodo=GET | rota=/notas/ | status=200 | duracao_ms=8.3
2026-06-09 15:56:36,049 | INFO | nfe_scanner | Requisicao concluida | metodo=GET | rota=/faturistas/ | status=200 | duracao_ms=12.6
2026-06-09 15:56:40,239 | INFO | nfe_scanner | Requisicao concluida | metodo=GET | rota=/faturistas/ | status=200 | duracao_ms=5.6
2026-06-09 15:56:40,243 | INFO | nfe_scanner | Requisicao concluida | metodo=GET | rota=/notas/ | status=200 | duracao_ms=11.4
2026-06-09 15:56:43,112 | INFO | nfe_scanner | Requisicao concluida | metodo=GET | rota=/painel-assets/styles.css | status=200 | duracao_ms=11.0
2026-06-09 15:56:43,173 | INFO | nfe_scanner | Requisicao concluida | metodo=GET | rota=/painel-assets/logo.jpg | status=200 | duracao_ms=3.0
2026-06-09 15:56:44,229 | INFO | nfe_scanner | Requisicao concluida | metodo=GET | rota=/notas/ | status=200 | duracao_ms=4.8
2026-06-09 15:56:44,230 | INFO | nfe_scanner | Requisicao concluida | metodo=GET | rota=/faturistas/ | status=200 | duracao_ms=5.0
2026-06-09 15:56:48,227 | INFO | nfe_scanner | Requisicao concluida | metodo=GET | rota=/notas/ | status=200 | duracao_ms=5.4
2026-06-09 15:56:48,228 | INFO | nfe_scanner | Requisicao concluida | metodo=GET | rota=/faturistas/ | status=200 | duracao_ms=6.0
2026-06-09 15:56:52,237 | INFO | nfe_scanner | Requisicao concluida | metodo=GET | rota=/faturistas/ | status=200 | duracao_ms=3.2
2026-06-09 15:56:52,239 | INFO | nfe_scanner | Requisicao concluida | metodo=GET | rota=/notas/ | status=200 | duracao_ms=6.8
2026-06-09 15:56:56,232 | INFO | nfe_scanner | Requisicao concluida | metodo=GET | rota=/faturistas/ | status=200 | duracao_ms=6.6
2026-06-09 15:56:56,233 | INFO | nfe_scanner | Requisicao concluida | metodo=GET | rota=/notas/ | status=200 | duracao_ms=8.6
2026-06-09 15:57:00,233 | INFO | nfe_scanner | Requisicao concluida | metodo=GET | rota=/notas/ | status=200 | duracao_ms=5.9
2026-06-09 15:57:00,237 | INFO | nfe_scanner | Requisicao concluida | metodo=GET | rota=/faturistas/ | status=200 | duracao_ms=5.6
2026-06-09 15:57:04,231 | INFO | nfe_scanner | Requisicao concluida | metodo=GET | rota=/faturistas/ | status=200 | duracao_ms=2.0
2026-06-09 15:57:04,232 | INFO | nfe_scanner | Requisicao concluida | metodo=GET | rota=/notas/ | status=200 | duracao_ms=4.1
2026-06-09 15:57:08,242 | INFO | nfe_scanner | Requisicao concluida | metodo=GET | rota=/notas/ | status=200 | duracao_ms=7.5
2026-06-09 15:57:08,243 | INFO | nfe_scanner | Requisicao concluida | metodo=GET | rota=/faturistas/ | status=200 | duracao_ms=7.7
2026-06-09 15:57:12,237 | INFO | nfe_scanner | Requisicao concluida | metodo=GET | rota=/notas/ | status=200 | duracao_ms=3.1
2026-06-09 15:57:12,241 | INFO | nfe_scanner | Requisicao concluida | metodo=GET | rota=/faturistas/ | status=200 | duracao_ms=4.9
2026-06-09 15:57:16,234 | INFO | nfe_scanner | Requisicao concluida | metodo=GET | rota=/faturistas/ | status=200 | duracao_ms=8.5
2026-06-09 15:57:16,240 | INFO | nfe_scanner | Requisicao concluida | metodo=GET | rota=/notas/ | status=200 | duracao_ms=14.5
2026-06-09 15:57:20,224 | INFO | nfe_scanner | Requisicao concluida | metodo=GET | rota=/faturistas/ | status=200 | duracao_ms=2.9
2026-06-09 15:57:20,225 | INFO | nfe_scanner | Requisicao concluida | metodo=GET | rota=/notas/ | status=200 | duracao_ms=4.4
2026-06-09 15:57:24,232 | INFO | nfe_scanner | Requisicao concluida | metodo=GET | rota=/faturistas/ | status=200 | duracao_ms=2.2
2026-06-09 15:57:24,233 | INFO | nfe_scanner | Requisicao concluida | metodo=GET | rota=/notas/ | status=200 | duracao_ms=4.1
2026-06-09 15:57:28,232 | INFO | nfe_scanner | Requisicao concluida | metodo=GET | rota=/notas/ | status=200 | duracao_ms=2.9
2026-06-09 15:57:28,233 | INFO | nfe_scanner | Requisicao concluida | metodo=GET | rota=/faturistas/ | status=200 | duracao_ms=3.6
2026-06-09 15:57:32,236 | INFO | nfe_scanner | Requisicao concluida | metodo=GET | rota=/faturistas/ | status=200 | duracao_ms=6.2
2026-06-09 15:57:32,238 | INFO | nfe_scanner | Requisicao concluida | metodo=GET | rota=/notas/ | status=200 | duracao_ms=9.2
2026-06-09 15:57:36,229 | INFO | nfe_scanner | Requisicao concluida | metodo=GET | rota=/faturistas/ | status=200 | duracao_ms=5.8
2026-06-09 15:57:36,230 | INFO | nfe_scanner | Requisicao concluida | metodo=GET | rota=/notas/ | status=200 | duracao_ms=7.6
2026-06-09 15:57:51,249 | INFO | nfe_scanner | Requisicao concluida | metodo=GET | rota=/notas/ | status=200 | duracao_ms=10.2
2026-06-09 15:57:51,256 | INFO | nfe_scanner | Requisicao concluida | metodo=GET | rota=/faturistas/ | status=200 | duracao_ms=11.2
2026-06-09 15:58:13,539 | INFO | nfe_scanner | Requisicao concluida | metodo=GET | rota=/notas/ | status=200 | duracao_ms=13.4
2026-06-09 15:58:13,546 | INFO | nfe_scanner | Requisicao concluida | metodo=GET | rota=/faturistas/ | status=200 | duracao_ms=16.3
2026-06-09 15:58:16,040 | INFO | nfe_scanner | Requisicao concluida | metodo=GET | rota=/faturistas/ | status=200 | duracao_ms=6.5
2026-06-09 15:58:16,043 | INFO | nfe_scanner | Requisicao concluida | metodo=GET | rota=/notas/ | status=200 | duracao_ms=11.3
2026-06-09 15:58:20,049 | INFO | nfe_scanner | Requisicao concluida | metodo=GET | rota=/faturistas/ | status=200 | duracao_ms=5.7
2026-06-09 15:58:20,052 | INFO | nfe_scanner | Requisicao concluida | metodo=GET | rota=/notas/ | status=200 | duracao_ms=10.4
2026-06-09 15:58:24,043 | INFO | nfe_scanner | Requisicao concluida | metodo=GET | rota=/faturistas/ | status=200 | duracao_ms=5.6
2026-06-09 15:58:24,046 | INFO | nfe_scanner | Requisicao concluida | metodo=GET | rota=/notas/ | status=200 | duracao_ms=9.5
2026-06-09 15:58:28,045 | INFO | nfe_scanner | Requisicao concluida | metodo=GET | rota=/notas/ | status=200 | duracao_ms=5.7
2026-06-09 15:58:28,047 | INFO | nfe_scanner | Requisicao concluida | metodo=GET | rota=/faturistas/ | status=200 | duracao_ms=6.1
2026-06-09 15:58:32,242 | INFO | nfe_scanner | Requisicao concluida | metodo=GET | rota=/notas/ | status=200 | duracao_ms=8.7
2026-06-09 15:58:32,244 | INFO | nfe_scanner | Requisicao concluida | metodo=GET | rota=/faturistas/ | status=200 | duracao_ms=10.3
2026-06-09 15:58:36,241 | INFO | nfe_scanner | Requisicao concluida | metodo=GET | rota=/faturistas/ | status=200 | duracao_ms=7.5
2026-06-09 15:58:36,245 | INFO | nfe_scanner | Requisicao concluida | metodo=GET | rota=/notas/ | status=200 | duracao_ms=11.7
2026-06-09 15:58:40,241 | INFO | nfe_scanner | Requisicao concluida | metodo=GET | rota=/notas/ | status=200 | duracao_ms=8.0
2026-06-09 15:58:40,245 | INFO | nfe_scanner | Requisicao concluida | metodo=GET | rota=/faturistas/ | status=200 | duracao_ms=11.5
2026-06-09 15:58:44,240 | INFO | nfe_scanner | Requisicao concluida | metodo=GET | rota=/notas/ | status=200 | duracao_ms=7.3
2026-06-09 15:58:44,242 | INFO | nfe_scanner | Requisicao concluida | metodo=GET | rota=/faturistas/ | status=200 | duracao_ms=8.8
2026-06-09 15:58:48,041 | INFO | nfe_scanner | Requisicao concluida | metodo=GET | rota=/faturistas/ | status=200 | duracao_ms=7.0
2026-06-09 15:58:48,045 | INFO | nfe_scanner | Requisicao concluida | metodo=GET | rota=/notas/ | status=200 | duracao_ms=11.8
2026-06-09 15:58:52,050 | INFO | nfe_scanner | Requisicao concluida | metodo=GET | rota=/faturistas/ | status=200 | duracao_ms=7.0
2026-06-09 15:58:52,053 | INFO | nfe_scanner | Requisicao concluida | metodo=GET | rota=/notas/ | status=200 | duracao_ms=11.5
2026-06-09 15:58:56,049 | INFO | nfe_scanner | Requisicao concluida | metodo=GET | rota=/faturistas/ | status=200 | duracao_ms=5.6
2026-06-09 15:58:56,053 | INFO | nfe_scanner | Requisicao concluida | metodo=GET | rota=/notas/ | status=200 | duracao_ms=10.1
2026-06-09 15:59:00,043 | INFO | nfe_scanner | Requisicao concluida | metodo=GET | rota=/notas/ | status=200 | duracao_ms=9.1
2026-06-09 15:59:00,045 | INFO | nfe_scanner | Requisicao concluida | metodo=GET | rota=/faturistas/ | status=200 | duracao_ms=10.5
2026-06-09 15:59:00,789 | INFO | nfe_scanner | Requisicao concluida | metodo=GET | rota=/notas/ | status=200 | duracao_ms=5.1
2026-06-09 15:59:04,045 | INFO | nfe_scanner | Requisicao concluida | metodo=GET | rota=/faturistas/ | status=200 | duracao_ms=5.6
2026-06-09 15:59:04,048 | INFO | nfe_scanner | Requisicao concluida | metodo=GET | rota=/notas/ | status=200 | duracao_ms=9.2
2026-06-09 15:59:08,048 | INFO | nfe_scanner | Requisicao concluida | metodo=GET | rota=/faturistas/ | status=200 | duracao_ms=3.7
2026-06-09 15:59:08,056 | INFO | nfe_scanner | Requisicao concluida | metodo=GET | rota=/notas/ | status=200 | duracao_ms=12.9
2026-06-09 15:59:12,042 | INFO | nfe_scanner | Requisicao concluida | metodo=GET | rota=/faturistas/ | status=200 | duracao_ms=8.7
2026-06-09 15:59:12,044 | INFO | nfe_scanner | Requisicao concluida | metodo=GET | rota=/notas/ | status=200 | duracao_ms=10.9
2026-06-09 15:59:16,048 | INFO | nfe_scanner | Requisicao concluida | metodo=GET | rota=/notas/ | status=200 | duracao_ms=5.9
2026-06-09 15:59:16,054 | INFO | nfe_scanner | Requisicao concluida | metodo=GET | rota=/faturistas/ | status=200 | duracao_ms=12.1
2026-06-09 15:59:20,038 | INFO | nfe_scanner | Requisicao concluida | metodo=GET | rota=/faturistas/ | status=200 | duracao_ms=5.8
2026-06-09 15:59:20,041 | INFO | nfe_scanner | Requisicao concluida | metodo=GET | rota=/notas/ | status=200 | duracao_ms=9.6
2026-06-09 15:59:24,036 | INFO | nfe_scanner | Requisicao concluida | metodo=GET | rota=/notas/ | status=200 | duracao_ms=6.0
2026-06-09 15:59:24,037 | INFO | nfe_scanner | Requisicao concluida | metodo=GET | rota=/faturistas/ | status=200 | duracao_ms=5.7
2026-06-09 15:59:28,044 | INFO | nfe_scanner | Requisicao concluida | metodo=GET | rota=/faturistas/ | status=200 | duracao_ms=5.1
2026-06-09 15:59:28,046 | INFO | nfe_scanner | Requisicao concluida | metodo=GET | rota=/notas/ | status=200 | duracao_ms=7.8
2026-06-09 15:59:32,038 | INFO | nfe_scanner | Requisicao concluida | metodo=GET | rota=/notas/ | status=200 | duracao_ms=5.9
2026-06-09 15:59:32,040 | INFO | nfe_scanner | Requisicao concluida | metodo=GET | rota=/faturistas/ | status=200 | duracao_ms=6.9
2026-06-09 15:59:35,568 | INFO | nfe_scanner.integracao | Consultando API fiscal | chave=312606...161708
2026-06-09 15:59:35,737 | INFO | nfe_scanner.integracao | API fiscal respondeu | chave=312606...161708 | status=200 | bytes=4744
2026-06-09 15:59:35,744 | INFO | nfe_scanner.integracao | Nota fiscal consultada | chave=312606...161708 | numero=277620 | fornecedor=Vale S.A.
2026-06-09 15:59:35,746 | INFO | nfe_scanner | Leitura concluida | chave=312606...161708 | numero=277620
2026-06-09 15:59:35,752 | INFO | nfe_scanner | Requisicao concluida | metodo=POST | rota=/barcode-nf/ | status=200 | duracao_ms=200.1
2026-06-09 15:59:36,032 | INFO | nfe_scanner | Requisicao concluida | metodo=GET | rota=/notas/ | status=200 | duracao_ms=4.4
2026-06-09 15:59:36,038 | INFO | nfe_scanner | Requisicao concluida | metodo=GET | rota=/faturistas/ | status=200 | duracao_ms=10.4
2026-06-09 15:59:40,045 | INFO | nfe_scanner | Requisicao concluida | metodo=GET | rota=/notas/ | status=200 | duracao_ms=8.0
2026-06-09 15:59:40,049 | INFO | nfe_scanner | Requisicao concluida | metodo=GET | rota=/faturistas/ | status=200 | duracao_ms=11.4
2026-06-09 15:59:44,040 | INFO | nfe_scanner | Requisicao concluida | metodo=GET | rota=/notas/ | status=200 | duracao_ms=5.6
2026-06-09 15:59:44,041 | INFO | nfe_scanner | Requisicao concluida | metodo=GET | rota=/faturistas/ | status=200 | duracao_ms=6.8
2026-06-09 15:59:48,053 | INFO | nfe_scanner | Requisicao concluida | metodo=GET | rota=/faturistas/ | status=200 | duracao_ms=5.8
2026-06-09 15:59:48,056 | INFO | nfe_scanner | Requisicao concluida | metodo=GET | rota=/notas/ | status=200 | duracao_ms=10.1
2026-06-09 15:59:52,043 | INFO | nfe_scanner | Requisicao concluida | metodo=GET | rota=/notas/ | status=200 | duracao_ms=4.9
2026-06-09 15:59:52,048 | INFO | nfe_scanner | Requisicao concluida | metodo=GET | rota=/faturistas/ | status=200 | duracao_ms=8.6
2026-06-09 15:59:55,762 | INFO | nfe_scanner | Nota cadastrada | id=7 | numero=277620 | local=A1BR
2026-06-09 15:59:55,764 | INFO | nfe_scanner | Requisicao concluida | metodo=POST | rota=/notas/ | status=200 | duracao_ms=26.0
2026-06-09 15:59:55,787 | INFO | nfe_scanner | Requisicao concluida | metodo=GET | rota=/notas/ | status=200 | duracao_ms=3.9
2026-06-09 15:59:56,035 | INFO | nfe_scanner | Requisicao concluida | metodo=GET | rota=/notas/ | status=200 | duracao_ms=7.8
2026-06-09 15:59:56,041 | INFO | nfe_scanner | Requisicao concluida | metodo=GET | rota=/faturistas/ | status=200 | duracao_ms=13.4
2026-06-09 16:00:00,035 | INFO | nfe_scanner | Requisicao concluida | metodo=GET | rota=/faturistas/ | status=200 | duracao_ms=6.4
2026-06-09 16:00:00,040 | INFO | nfe_scanner | Requisicao concluida | metodo=GET | rota=/notas/ | status=200 | duracao_ms=12.4
2026-06-09 16:00:04,048 | INFO | nfe_scanner | Requisicao concluida | metodo=GET | rota=/faturistas/ | status=200 | duracao_ms=5.7
2026-06-09 16:00:04,052 | INFO | nfe_scanner | Requisicao concluida | metodo=GET | rota=/notas/ | status=200 | duracao_ms=11.3
2026-06-09 16:00:08,035 | INFO | nfe_scanner | Requisicao concluida | metodo=GET | rota=/notas/ | status=200 | duracao_ms=5.1
2026-06-09 16:00:08,039 | INFO | nfe_scanner | Requisicao concluida | metodo=GET | rota=/faturistas/ | status=200 | duracao_ms=9.0
2026-06-09 16:00:09,033 | INFO | nfe_scanner | Requisicao concluida | metodo=GET | rota=/faturistas/ | status=200 | duracao_ms=8.0
2026-06-09 16:00:09,037 | INFO | nfe_scanner | Requisicao concluida | metodo=GET | rota=/notas/ | status=200 | duracao_ms=12.1
2026-06-09 16:00:12,035 | INFO | nfe_scanner | Requisicao concluida | metodo=GET | rota=/faturistas/ | status=200 | duracao_ms=1.9
2026-06-09 16:00:12,037 | INFO | nfe_scanner | Requisicao concluida | metodo=GET | rota=/notas/ | status=200 | duracao_ms=3.9
2026-06-09 16:00:16,035 | INFO | nfe_scanner | Requisicao concluida | metodo=GET | rota=/notas/ | status=200 | duracao_ms=6.5
2026-06-09 16:00:16,037 | INFO | nfe_scanner | Requisicao concluida | metodo=GET | rota=/faturistas/ | status=200 | duracao_ms=8.2
2026-06-09 16:00:20,033 | INFO | nfe_scanner | Requisicao concluida | metodo=GET | rota=/faturistas/ | status=200 | duracao_ms=4.2
2026-06-09 16:00:20,038 | INFO | nfe_scanner | Requisicao concluida | metodo=GET | rota=/notas/ | status=200 | duracao_ms=8.9
2026-06-09 16:00:24,054 | INFO | nfe_scanner | Requisicao concluida | metodo=GET | rota=/faturistas/ | status=200 | duracao_ms=9.7
2026-06-09 16:00:24,056 | INFO | nfe_scanner | Requisicao concluida | metodo=GET | rota=/notas/ | status=200 | duracao_ms=13.1
2026-06-09 16:00:28,037 | INFO | nfe_scanner | Requisicao concluida | metodo=GET | rota=/faturistas/ | status=200 | duracao_ms=7.1
2026-06-09 16:00:28,041 | INFO | nfe_scanner | Requisicao concluida | metodo=GET | rota=/notas/ | status=200 | duracao_ms=11.2
2026-06-09 16:00:32,036 | INFO | nfe_scanner | Requisicao concluida | metodo=GET | rota=/notas/ | status=200 | duracao_ms=5.3
2026-06-09 16:00:32,041 | INFO | nfe_scanner | Requisicao concluida | metodo=GET | rota=/faturistas/ | status=200 | duracao_ms=8.7
2026-06-09 16:00:36,035 | INFO | nfe_scanner | Requisicao concluida | metodo=GET | rota=/notas/ | status=200 | duracao_ms=5.0
2026-06-09 16:00:36,040 | INFO | nfe_scanner | Requisicao concluida | metodo=GET | rota=/faturistas/ | status=200 | duracao_ms=9.3
2026-06-09 16:00:40,045 | INFO | nfe_scanner | Requisicao concluida | metodo=GET | rota=/faturistas/ | status=200 | duracao_ms=5.4
2026-06-09 16:00:40,048 | INFO | nfe_scanner | Requisicao concluida | metodo=GET | rota=/notas/ | status=200 | duracao_ms=9.2
2026-06-09 16:00:44,047 | INFO | nfe_scanner | Requisicao concluida | metodo=GET | rota=/faturistas/ | status=200 | duracao_ms=6.6
2026-06-09 16:00:44,050 | INFO | nfe_scanner | Requisicao concluida | metodo=GET | rota=/notas/ | status=200 | duracao_ms=9.7
2026-06-09 16:00:48,035 | INFO | nfe_scanner | Requisicao concluida | metodo=GET | rota=/faturistas/ | status=200 | duracao_ms=3.4
2026-06-09 16:00:48,038 | INFO | nfe_scanner | Requisicao concluida | metodo=GET | rota=/notas/ | status=200 | duracao_ms=6.0
2026-06-09 16:00:52,037 | INFO | nfe_scanner | Requisicao concluida | metodo=GET | rota=/notas/ | status=200 | duracao_ms=5.5
2026-06-09 16:00:52,046 | INFO | nfe_scanner | Requisicao concluida | metodo=GET | rota=/faturistas/ | status=200 | duracao_ms=13.8
2026-06-09 16:00:56,041 | INFO | nfe_scanner | Requisicao concluida | metodo=GET | rota=/notas/ | status=200 | duracao_ms=5.0
2026-06-09 16:00:56,045 | INFO | nfe_scanner | Requisicao concluida | metodo=GET | rota=/faturistas/ | status=200 | duracao_ms=8.5
2026-06-09 16:01:00,054 | INFO | nfe_scanner | Requisicao concluida | metodo=GET | rota=/faturistas/ | status=200 | duracao_ms=6.9
2026-06-09 16:01:00,057 | INFO | nfe_scanner | Requisicao concluida | metodo=GET | rota=/notas/ | status=200 | duracao_ms=10.0
2026-06-09 16:01:04,034 | INFO | nfe_scanner | Requisicao concluida | metodo=GET | rota=/notas/ | status=200 | duracao_ms=6.1
2026-06-09 16:01:04,037 | INFO | nfe_scanner | Requisicao concluida | metodo=GET | rota=/faturistas/ | status=200 | duracao_ms=8.8
2026-06-09 16:01:08,053 | INFO | nfe_scanner | Requisicao concluida | metodo=GET | rota=/faturistas/ | status=200 | duracao_ms=5.9
2026-06-09 16:01:08,057 | INFO | nfe_scanner | Requisicao concluida | metodo=GET | rota=/notas/ | status=200 | duracao_ms=10.9
2026-06-09 16:01:12,038 | INFO | nfe_scanner | Requisicao concluida | metodo=GET | rota=/faturistas/ | status=200 | duracao_ms=5.3
2026-06-09 16:01:12,043 | INFO | nfe_scanner | Requisicao concluida | metodo=GET | rota=/notas/ | status=200 | duracao_ms=10.8
2026-06-09 16:01:16,039 | INFO | nfe_scanner | Requisicao concluida | metodo=GET | rota=/notas/ | status=200 | duracao_ms=7.2
2026-06-09 16:01:16,043 | INFO | nfe_scanner | Requisicao concluida | metodo=GET | rota=/faturistas/ | status=200 | duracao_ms=11.1
2026-06-09 16:01:20,222 | INFO | nfe_scanner | Requisicao concluida | metodo=GET | rota=/faturistas/ | status=200 | duracao_ms=3.0
2026-06-09 16:01:20,223 | INFO | nfe_scanner | Requisicao concluida | metodo=GET | rota=/notas/ | status=200 | duracao_ms=4.7
2026-06-09 16:01:24,238 | INFO | nfe_scanner | Requisicao concluida | metodo=GET | rota=/faturistas/ | status=200 | duracao_ms=4.8
2026-06-09 16:01:24,241 | INFO | nfe_scanner | Requisicao concluida | metodo=GET | rota=/notas/ | status=200 | duracao_ms=8.2
2026-06-09 16:01:28,233 | INFO | nfe_scanner | Requisicao concluida | metodo=GET | rota=/faturistas/ | status=200 | duracao_ms=4.1
2026-06-09 16:01:28,236 | INFO | nfe_scanner | Requisicao concluida | metodo=GET | rota=/notas/ | status=200 | duracao_ms=8.3
2026-06-09 16:01:32,232 | INFO | nfe_scanner | Requisicao concluida | metodo=GET | rota=/notas/ | status=200 | duracao_ms=2.6
2026-06-09 16:01:32,234 | INFO | nfe_scanner | Requisicao concluida | metodo=GET | rota=/faturistas/ | status=200 | duracao_ms=4.2
2026-06-09 16:01:36,227 | INFO | nfe_scanner | Requisicao concluida | metodo=GET | rota=/notas/ | status=200 | duracao_ms=5.7
2026-06-09 16:01:36,228 | INFO | nfe_scanner | Requisicao concluida | metodo=GET | rota=/faturistas/ | status=200 | duracao_ms=4.0
2026-06-09 16:01:40,235 | INFO | nfe_scanner | Requisicao concluida | metodo=GET | rota=/faturistas/ | status=200 | duracao_ms=5.1
2026-06-09 16:01:40,236 | INFO | nfe_scanner | Requisicao concluida | metodo=GET | rota=/notas/ | status=200 | duracao_ms=6.8
2026-06-09 16:01:44,236 | INFO | nfe_scanner | Requisicao concluida | metodo=GET | rota=/notas/ | status=200 | duracao_ms=6.8
2026-06-09 16:01:44,237 | INFO | nfe_scanner | Requisicao concluida | metodo=GET | rota=/faturistas/ | status=200 | duracao_ms=7.1
2026-06-09 16:01:48,233 | INFO | nfe_scanner | Requisicao concluida | metodo=GET | rota=/faturistas/ | status=200 | duracao_ms=6.3
2026-06-09 16:01:48,236 | INFO | nfe_scanner | Requisicao concluida | metodo=GET | rota=/notas/ | status=200 | duracao_ms=9.7
2026-06-09 16:01:52,254 | INFO | nfe_scanner | Requisicao concluida | metodo=GET | rota=/faturistas/ | status=200 | duracao_ms=19.3
2026-06-09 16:01:52,256 | INFO | nfe_scanner | Requisicao concluida | metodo=GET | rota=/notas/ | status=200 | duracao_ms=23.2
2026-06-09 16:01:56,245 | INFO | nfe_scanner | Requisicao concluida | metodo=GET | rota=/notas/ | status=200 | duracao_ms=8.3
2026-06-09 16:01:56,246 | INFO | nfe_scanner | Requisicao concluida | metodo=GET | rota=/faturistas/ | status=200 | duracao_ms=8.6
2026-06-09 16:02:00,243 | INFO | nfe_scanner | Requisicao concluida | metodo=GET | rota=/faturistas/ | status=200 | duracao_ms=6.6
2026-06-09 16:02:00,245 | INFO | nfe_scanner | Requisicao concluida | metodo=GET | rota=/notas/ | status=200 | duracao_ms=9.9
2026-06-09 16:02:04,237 | INFO | nfe_scanner | Requisicao concluida | metodo=GET | rota=/faturistas/ | status=200 | duracao_ms=6.5
2026-06-09 16:02:04,241 | INFO | nfe_scanner | Requisicao concluida | metodo=GET | rota=/notas/ | status=200 | duracao_ms=10.5
2026-06-09 16:02:08,229 | INFO | nfe_scanner | Requisicao concluida | metodo=GET | rota=/notas/ | status=200 | duracao_ms=4.8
2026-06-09 16:02:08,230 | INFO | nfe_scanner | Requisicao concluida | metodo=GET | rota=/faturistas/ | status=200 | duracao_ms=5.0
2026-06-09 16:02:12,226 | INFO | nfe_scanner | Requisicao concluida | metodo=GET | rota=/notas/ | status=200 | duracao_ms=3.5
2026-06-09 16:02:12,227 | INFO | nfe_scanner | Requisicao concluida | metodo=GET | rota=/faturistas/ | status=200 | duracao_ms=5.1
2026-06-09 16:02:16,235 | INFO | nfe_scanner | Requisicao concluida | metodo=GET | rota=/notas/ | status=200 | duracao_ms=2.4
2026-06-09 16:02:16,235 | INFO | nfe_scanner | Requisicao concluida | metodo=GET | rota=/faturistas/ | status=200 | duracao_ms=2.7
2026-06-09 16:02:51,245 | INFO | nfe_scanner | Requisicao concluida | metodo=GET | rota=/notas/ | status=200 | duracao_ms=11.9
2026-06-09 16:02:51,252 | INFO | nfe_scanner | Requisicao concluida | metodo=GET | rota=/faturistas/ | status=200 | duracao_ms=14.7
2026-06-09 16:03:12,593 | INFO | nfe_scanner | Requisicao concluida | metodo=GET | rota=/painel | status=200 | duracao_ms=24.2
2026-06-09 16:03:12,619 | INFO | nfe_scanner | Requisicao concluida | metodo=GET | rota=/painel-assets/styles.css | status=200 | duracao_ms=9.9
2026-06-09 16:03:12,621 | INFO | nfe_scanner | Requisicao concluida | metodo=GET | rota=/painel-assets/logo.jpg | status=200 | duracao_ms=8.8
2026-06-09 16:03:12,625 | INFO | nfe_scanner | Requisicao concluida | metodo=GET | rota=/painel-assets/app.js | status=200 | duracao_ms=12.4
2026-06-09 16:03:12,651 | INFO | nfe_scanner | Requisicao concluida | metodo=GET | rota=/faturistas/ | status=200 | duracao_ms=8.6
2026-06-09 16:03:12,652 | INFO | nfe_scanner | Requisicao concluida | metodo=GET | rota=/notas/ | status=200 | duracao_ms=10.9
2026-06-09 16:03:12,840 | WARNING | nfe_scanner | Requisicao concluida | metodo=GET | rota=/favicon.ico | status=404 | duracao_ms=5.4
2026-06-09 16:03:32,126 | INFO | nfe_scanner | Requisicao concluida | metodo=GET | rota=/faturistas/ | status=200 | duracao_ms=11.5
2026-06-09 16:03:32,129 | INFO | nfe_scanner | Requisicao concluida | metodo=GET | rota=/notas/ | status=200 | duracao_ms=15.5
2026-06-09 16:03:33,969 | INFO | nfe_scanner | Requisicao concluida | metodo=GET | rota=/painel | status=200 | duracao_ms=1.7
2026-06-09 16:03:33,992 | INFO | nfe_scanner | Requisicao concluida | metodo=GET | rota=/painel-assets/app.js | status=200 | duracao_ms=2.6
2026-06-09 16:03:33,993 | INFO | nfe_scanner | Requisicao concluida | metodo=GET | rota=/painel-assets/styles.css | status=304 | duracao_ms=4.3
2026-06-09 16:03:34,004 | INFO | nfe_scanner | Requisicao concluida | metodo=GET | rota=/faturistas/ | status=200 | duracao_ms=5.5
2026-06-09 16:03:34,005 | INFO | nfe_scanner | Requisicao concluida | metodo=GET | rota=/notas/ | status=200 | duracao_ms=6.5
2026-06-09 16:03:38,008 | INFO | nfe_scanner | Requisicao concluida | metodo=GET | rota=/notas/ | status=200 | duracao_ms=5.7
2026-06-09 16:03:38,014 | INFO | nfe_scanner | Requisicao concluida | metodo=GET | rota=/faturistas/ | status=200 | duracao_ms=11.1
2026-06-09 16:03:42,021 | INFO | nfe_scanner | Requisicao concluida | metodo=GET | rota=/faturistas/ | status=200 | duracao_ms=6.4
2026-06-09 16:03:42,022 | INFO | nfe_scanner | Requisicao concluida | metodo=GET | rota=/notas/ | status=200 | duracao_ms=8.4
2026-06-09 16:03:46,007 | INFO | nfe_scanner | Requisicao concluida | metodo=GET | rota=/notas/ | status=200 | duracao_ms=5.6
2026-06-09 16:03:46,012 | INFO | nfe_scanner | Requisicao concluida | metodo=GET | rota=/faturistas/ | status=200 | duracao_ms=9.6
2026-06-09 16:03:50,006 | INFO | nfe_scanner | Requisicao concluida | metodo=GET | rota=/faturistas/ | status=200 | duracao_ms=4.5
2026-06-09 16:03:50,010 | INFO | nfe_scanner | Requisicao concluida | metodo=GET | rota=/notas/ | status=200 | duracao_ms=9.4
2026-06-09 16:03:54,008 | INFO | nfe_scanner | Requisicao concluida | metodo=GET | rota=/notas/ | status=200 | duracao_ms=4.7
2026-06-09 16:03:54,013 | INFO | nfe_scanner | Requisicao concluida | metodo=GET | rota=/faturistas/ | status=200 | duracao_ms=9.8
2026-06-09 16:03:58,008 | INFO | nfe_scanner | Requisicao concluida | metodo=GET | rota=/notas/ | status=200 | duracao_ms=6.6
2026-06-09 16:03:58,013 | INFO | nfe_scanner | Requisicao concluida | metodo=GET | rota=/faturistas/ | status=200 | duracao_ms=10.8
2026-06-09 16:04:02,018 | INFO | nfe_scanner | Requisicao concluida | metodo=GET | rota=/faturistas/ | status=200 | duracao_ms=6.5
2026-06-09 16:04:02,021 | INFO | nfe_scanner | Requisicao concluida | metodo=GET | rota=/notas/ | status=200 | duracao_ms=9.7
2026-06-09 16:04:06,010 | INFO | nfe_scanner | Requisicao concluida | metodo=GET | rota=/faturistas/ | status=200 | duracao_ms=3.8
2026-06-09 16:04:06,013 | INFO | nfe_scanner | Requisicao concluida | metodo=GET | rota=/notas/ | status=200 | duracao_ms=6.7
2026-06-09 16:04:10,017 | INFO | nfe_scanner | Requisicao concluida | metodo=GET | rota=/notas/ | status=200 | duracao_ms=7.1
2026-06-09 16:04:10,020 | INFO | nfe_scanner | Requisicao concluida | metodo=GET | rota=/faturistas/ | status=200 | duracao_ms=9.7
2026-06-09 16:04:14,015 | INFO | nfe_scanner | Requisicao concluida | metodo=GET | rota=/faturistas/ | status=200 | duracao_ms=4.5
2026-06-09 16:04:14,017 | INFO | nfe_scanner | Requisicao concluida | metodo=GET | rota=/notas/ | status=200 | duracao_ms=9.6
2026-06-09 16:04:18,005 | INFO | nfe_scanner | Requisicao concluida | metodo=GET | rota=/faturistas/ | status=200 | duracao_ms=3.7
2026-06-09 16:04:18,014 | INFO | nfe_scanner | Requisicao concluida | metodo=GET | rota=/notas/ | status=200 | duracao_ms=12.7
2026-06-09 16:04:22,018 | INFO | nfe_scanner | Requisicao concluida | metodo=GET | rota=/faturistas/ | status=200 | duracao_ms=4.6
2026-06-09 16:04:22,023 | INFO | nfe_scanner | Requisicao concluida | metodo=GET | rota=/notas/ | status=200 | duracao_ms=10.6
2026-06-09 16:04:26,021 | INFO | nfe_scanner | Requisicao concluida | metodo=GET | rota=/notas/ | status=200 | duracao_ms=5.9
2026-06-09 16:04:26,022 | INFO | nfe_scanner | Requisicao concluida | metodo=GET | rota=/faturistas/ | status=200 | duracao_ms=6.3
2026-06-09 16:04:30,012 | INFO | nfe_scanner | Requisicao concluida | metodo=GET | rota=/faturistas/ | status=200 | duracao_ms=4.3
2026-06-09 16:04:30,014 | INFO | nfe_scanner | Requisicao concluida | metodo=GET | rota=/notas/ | status=200 | duracao_ms=6.2
2026-06-09 16:04:34,020 | INFO | nfe_scanner | Requisicao concluida | metodo=GET | rota=/notas/ | status=200 | duracao_ms=5.1
2026-06-09 16:04:34,025 | INFO | nfe_scanner | Requisicao concluida | metodo=GET | rota=/faturistas/ | status=200 | duracao_ms=9.3
2026-06-09 16:04:38,015 | INFO | nfe_scanner | Requisicao concluida | metodo=GET | rota=/faturistas/ | status=200 | duracao_ms=6.3
2026-06-09 16:04:38,018 | INFO | nfe_scanner | Requisicao concluida | metodo=GET | rota=/notas/ | status=200 | duracao_ms=9.9
2026-06-09 16:04:42,014 | INFO | nfe_scanner | Requisicao concluida | metodo=GET | rota=/faturistas/ | status=200 | duracao_ms=7.4
2026-06-09 16:04:42,017 | INFO | nfe_scanner | Requisicao concluida | metodo=GET | rota=/notas/ | status=200 | duracao_ms=11.4
2026-06-09 16:04:46,008 | INFO | nfe_scanner | Requisicao concluida | metodo=GET | rota=/notas/ | status=200 | duracao_ms=6.2
2026-06-09 16:04:46,016 | INFO | nfe_scanner | Requisicao concluida | metodo=GET | rota=/faturistas/ | status=200 | duracao_ms=13.5
2026-06-09 16:04:50,237 | INFO | nfe_scanner | Requisicao concluida | metodo=GET | rota=/notas/ | status=200 | duracao_ms=10.3
2026-06-09 16:04:50,240 | INFO | nfe_scanner | Requisicao concluida | metodo=GET | rota=/faturistas/ | status=200 | duracao_ms=11.6
2026-06-09 16:04:54,228 | INFO | nfe_scanner | Requisicao concluida | metodo=GET | rota=/notas/ | status=200 | duracao_ms=3.0
2026-06-09 16:04:54,229 | INFO | nfe_scanner | Requisicao concluida | metodo=GET | rota=/faturistas/ | status=200 | duracao_ms=3.6
2026-06-09 16:04:58,230 | INFO | nfe_scanner | Requisicao concluida | metodo=GET | rota=/notas/ | status=200 | duracao_ms=7.4
2026-06-09 16:04:58,236 | INFO | nfe_scanner | Requisicao concluida | metodo=GET | rota=/faturistas/ | status=200 | duracao_ms=2.3
2026-06-09 16:05:02,240 | INFO | nfe_scanner | Requisicao concluida | metodo=GET | rota=/faturistas/ | status=200 | duracao_ms=4.8
2026-06-09 16:05:02,243 | INFO | nfe_scanner | Requisicao concluida | metodo=GET | rota=/notas/ | status=200 | duracao_ms=8.3
2026-06-09 16:05:06,238 | INFO | nfe_scanner | Requisicao concluida | metodo=GET | rota=/notas/ | status=200 | duracao_ms=4.4
2026-06-09 16:05:06,244 | INFO | nfe_scanner | Requisicao concluida | metodo=GET | rota=/faturistas/ | status=200 | duracao_ms=10.1
2026-06-09 16:05:10,240 | INFO | nfe_scanner | Requisicao concluida | metodo=GET | rota=/notas/ | status=200 | duracao_ms=2.2
2026-06-09 16:05:10,242 | INFO | nfe_scanner | Requisicao concluida | metodo=GET | rota=/faturistas/ | status=200 | duracao_ms=2.8
2026-06-09 16:05:14,236 | INFO | nfe_scanner | Requisicao concluida | metodo=GET | rota=/faturistas/ | status=200 | duracao_ms=7.1
2026-06-09 16:05:14,241 | INFO | nfe_scanner | Requisicao concluida | metodo=GET | rota=/notas/ | status=200 | duracao_ms=13.7
2026-06-09 16:05:18,228 | INFO | nfe_scanner | Requisicao concluida | metodo=GET | rota=/faturistas/ | status=200 | duracao_ms=5.0
2026-06-09 16:05:18,229 | INFO | nfe_scanner | Requisicao concluida | metodo=GET | rota=/notas/ | status=200 | duracao_ms=7.2
2026-06-09 16:05:22,239 | INFO | nfe_scanner | Requisicao concluida | metodo=GET | rota=/notas/ | status=200 | duracao_ms=4.4
2026-06-09 16:05:22,240 | INFO | nfe_scanner | Requisicao concluida | metodo=GET | rota=/faturistas/ | status=200 | duracao_ms=5.1
2026-06-09 16:05:26,024 | INFO | nfe_scanner | Requisicao concluida | metodo=GET | rota=/notas/ | status=200 | duracao_ms=15.7
2026-06-09 16:05:26,026 | INFO | nfe_scanner | Requisicao concluida | metodo=GET | rota=/faturistas/ | status=200 | duracao_ms=16.8
2026-06-09 16:05:30,017 | INFO | nfe_scanner | Requisicao concluida | metodo=GET | rota=/faturistas/ | status=200 | duracao_ms=6.7
2026-06-09 16:05:30,019 | INFO | nfe_scanner | Requisicao concluida | metodo=GET | rota=/notas/ | status=200 | duracao_ms=9.3
2026-06-09 16:05:34,010 | INFO | nfe_scanner | Requisicao concluida | metodo=GET | rota=/faturistas/ | status=200 | duracao_ms=5.0
2026-06-09 16:05:34,014 | INFO | nfe_scanner | Requisicao concluida | metodo=GET | rota=/notas/ | status=200 | duracao_ms=9.8
2026-06-09 16:05:38,017 | INFO | nfe_scanner | Requisicao concluida | metodo=GET | rota=/faturistas/ | status=200 | duracao_ms=7.8
2026-06-09 16:05:38,022 | INFO | nfe_scanner | Requisicao concluida | metodo=GET | rota=/notas/ | status=200 | duracao_ms=13.9
2026-06-09 16:05:42,022 | INFO | nfe_scanner | Requisicao concluida | metodo=GET | rota=/faturistas/ | status=200 | duracao_ms=6.4
2026-06-09 16:05:42,025 | INFO | nfe_scanner | Requisicao concluida | metodo=GET | rota=/notas/ | status=200 | duracao_ms=9.8
2026-06-09 16:05:46,020 | INFO | nfe_scanner | Requisicao concluida | metodo=GET | rota=/faturistas/ | status=200 | duracao_ms=8.1
2026-06-09 16:05:46,023 | INFO | nfe_scanner | Requisicao concluida | metodo=GET | rota=/notas/ | status=200 | duracao_ms=12.3
2026-06-09 16:05:50,018 | INFO | nfe_scanner | Requisicao concluida | metodo=GET | rota=/faturistas/ | status=200 | duracao_ms=9.3
2026-06-09 16:05:50,023 | INFO | nfe_scanner | Requisicao concluida | metodo=GET | rota=/notas/ | status=200 | duracao_ms=15.1
2026-06-09 16:05:54,010 | INFO | nfe_scanner | Requisicao concluida | metodo=GET | rota=/faturistas/ | status=200 | duracao_ms=6.9
2026-06-09 16:05:54,012 | INFO | nfe_scanner | Requisicao concluida | metodo=GET | rota=/notas/ | status=200 | duracao_ms=10.6
2026-06-09 16:05:58,028 | INFO | nfe_scanner | Requisicao concluida | metodo=GET | rota=/faturistas/ | status=200 | duracao_ms=8.9
2026-06-09 16:05:58,034 | INFO | nfe_scanner | Requisicao concluida | metodo=GET | rota=/notas/ | status=200 | duracao_ms=16.5
2026-06-09 16:05:59,728 | INFO | nfe_scanner | Requisicao concluida | metodo=GET | rota=/painel | status=200 | duracao_ms=0.9
2026-06-09 16:06:02,233 | INFO | nfe_scanner | Requisicao concluida | metodo=GET | rota=/faturistas/ | status=200 | duracao_ms=5.1
2026-06-09 16:06:02,234 | INFO | nfe_scanner | Requisicao concluida | metodo=GET | rota=/notas/ | status=200 | duracao_ms=6.7
2026-06-09 16:06:06,238 | INFO | nfe_scanner | Requisicao concluida | metodo=GET | rota=/notas/ | status=200 | duracao_ms=6.1
2026-06-09 16:06:06,239 | INFO | nfe_scanner | Requisicao concluida | metodo=GET | rota=/faturistas/ | status=200 | duracao_ms=6.1
2026-06-09 16:06:10,226 | INFO | nfe_scanner | Requisicao concluida | metodo=GET | rota=/faturistas/ | status=200 | duracao_ms=5.0
2026-06-09 16:06:10,228 | INFO | nfe_scanner | Requisicao concluida | metodo=GET | rota=/notas/ | status=200 | duracao_ms=7.9
2026-06-09 16:06:14,233 | INFO | nfe_scanner | Requisicao concluida | metodo=GET | rota=/faturistas/ | status=200 | duracao_ms=6.7
2026-06-09 16:06:14,235 | INFO | nfe_scanner | Requisicao concluida | metodo=GET | rota=/notas/ | status=200 | duracao_ms=9.1
2026-06-09 16:06:18,014 | INFO | nfe_scanner | Requisicao concluida | metodo=GET | rota=/faturistas/ | status=200 | duracao_ms=7.1
2026-06-09 16:06:18,018 | INFO | nfe_scanner | Requisicao concluida | metodo=GET | rota=/notas/ | status=200 | duracao_ms=11.8
2026-06-09 16:06:18,188 | INFO | nfe_scanner | Requisicao concluida | metodo=GET | rota=/faturistas/ | status=200 | duracao_ms=4.8
2026-06-09 16:06:18,191 | INFO | nfe_scanner | Requisicao concluida | metodo=GET | rota=/notas/ | status=200 | duracao_ms=8.6
2026-06-09 16:06:22,030 | INFO | nfe_scanner | Requisicao concluida | metodo=GET | rota=/notas/ | status=200 | duracao_ms=4.6
2026-06-09 16:06:22,035 | INFO | nfe_scanner | Requisicao concluida | metodo=GET | rota=/faturistas/ | status=200 | duracao_ms=9.5
2026-06-09 16:06:22,279 | INFO | nfe_scanner | Requisicao concluida | metodo=GET | rota=/faturistas/ | status=200 | duracao_ms=5.9
2026-06-09 16:06:22,283 | INFO | nfe_scanner | Requisicao concluida | metodo=GET | rota=/notas/ | status=200 | duracao_ms=10.8
2026-06-09 16:06:26,008 | INFO | nfe_scanner | Requisicao concluida | metodo=GET | rota=/notas/ | status=200 | duracao_ms=5.9
2026-06-09 16:06:26,011 | INFO | nfe_scanner | Requisicao concluida | metodo=GET | rota=/faturistas/ | status=200 | duracao_ms=7.4
2026-06-09 16:06:28,276 | INFO | nfe_scanner | Requisicao concluida | metodo=GET | rota=/painel | status=200 | duracao_ms=1.1
2026-06-09 16:06:28,291 | INFO | nfe_scanner | Requisicao concluida | metodo=GET | rota=/painel-assets/styles.css | status=304 | duracao_ms=2.3
2026-06-09 16:06:28,293 | INFO | nfe_scanner | Requisicao concluida | metodo=GET | rota=/painel-assets/app.js | status=200 | duracao_ms=3.8
2026-06-09 16:06:28,334 | INFO | nfe_scanner | Requisicao concluida | metodo=GET | rota=/notas/ | status=200 | duracao_ms=5.9
2026-06-09 16:06:28,336 | INFO | nfe_scanner | Requisicao concluida | metodo=GET | rota=/faturistas/ | status=200 | duracao_ms=7.7
2026-06-09 16:06:33,238 | INFO | nfe_scanner | Requisicao concluida | metodo=GET | rota=/faturistas/ | status=200 | duracao_ms=5.6
2026-06-09 16:06:33,240 | INFO | nfe_scanner | Requisicao concluida | metodo=GET | rota=/notas/ | status=200 | duracao_ms=8.7
2026-06-09 16:06:37,233 | INFO | nfe_scanner | Requisicao concluida | metodo=GET | rota=/notas/ | status=200 | duracao_ms=5.3
2026-06-09 16:06:37,235 | INFO | nfe_scanner | Requisicao concluida | metodo=GET | rota=/faturistas/ | status=200 | duracao_ms=5.1
2026-06-09 16:06:41,227 | INFO | nfe_scanner | Requisicao concluida | metodo=GET | rota=/notas/ | status=200 | duracao_ms=5.4
2026-06-09 16:06:41,229 | INFO | nfe_scanner | Requisicao concluida | metodo=GET | rota=/faturistas/ | status=200 | duracao_ms=7.1
2026-06-09 16:06:45,241 | INFO | nfe_scanner | Requisicao concluida | metodo=GET | rota=/faturistas/ | status=200 | duracao_ms=6.6
2026-06-09 16:06:45,243 | INFO | nfe_scanner | Requisicao concluida | metodo=GET | rota=/notas/ | status=200 | duracao_ms=9.6
2026-06-09 16:06:49,232 | INFO | nfe_scanner | Requisicao concluida | metodo=GET | rota=/faturistas/ | status=200 | duracao_ms=4.6
2026-06-09 16:06:49,235 | INFO | nfe_scanner | Requisicao concluida | metodo=GET | rota=/notas/ | status=200 | duracao_ms=8.6
2026-06-09 16:06:53,232 | INFO | nfe_scanner | Requisicao concluida | metodo=GET | rota=/faturistas/ | status=200 | duracao_ms=4.1
2026-06-09 16:06:53,233 | INFO | nfe_scanner | Requisicao concluida | metodo=GET | rota=/notas/ | status=200 | duracao_ms=5.9
2026-06-09 16:06:57,231 | INFO | nfe_scanner | Requisicao concluida | metodo=GET | rota=/faturistas/ | status=200 | duracao_ms=4.9
2026-06-09 16:06:57,233 | INFO | nfe_scanner | Requisicao concluida | metodo=GET | rota=/notas/ | status=200 | duracao_ms=7.7
2026-06-09 16:07:01,227 | INFO | nfe_scanner | Requisicao concluida | metodo=GET | rota=/notas/ | status=200 | duracao_ms=4.3
2026-06-09 16:07:01,228 | INFO | nfe_scanner | Requisicao concluida | metodo=GET | rota=/faturistas/ | status=200 | duracao_ms=4.5
2026-06-09 16:07:05,239 | INFO | nfe_scanner | Requisicao concluida | metodo=GET | rota=/faturistas/ | status=200 | duracao_ms=5.7
2026-06-09 16:07:05,241 | INFO | nfe_scanner | Requisicao concluida | metodo=GET | rota=/notas/ | status=200 | duracao_ms=8.7
2026-06-09 16:07:09,232 | INFO | nfe_scanner | Requisicao concluida | metodo=GET | rota=/faturistas/ | status=200 | duracao_ms=3.0
2026-06-09 16:07:09,233 | INFO | nfe_scanner | Requisicao concluida | metodo=GET | rota=/notas/ | status=200 | duracao_ms=4.4
2026-06-09 16:07:13,228 | INFO | nfe_scanner | Requisicao concluida | metodo=GET | rota=/faturistas/ | status=200 | duracao_ms=2.8
2026-06-09 16:07:13,229 | INFO | nfe_scanner | Requisicao concluida | metodo=GET | rota=/notas/ | status=200 | duracao_ms=4.5
2026-06-09 16:07:17,226 | INFO | nfe_scanner | Requisicao concluida | metodo=GET | rota=/notas/ | status=200 | duracao_ms=5.3
2026-06-09 16:07:17,227 | INFO | nfe_scanner | Requisicao concluida | metodo=GET | rota=/faturistas/ | status=200 | duracao_ms=5.3
2026-06-09 16:07:21,239 | INFO | nfe_scanner | Requisicao concluida | metodo=GET | rota=/notas/ | status=200 | duracao_ms=5.0
2026-06-09 16:07:21,239 | INFO | nfe_scanner | Requisicao concluida | metodo=GET | rota=/faturistas/ | status=200 | duracao_ms=4.9
2026-06-09 16:07:25,239 | INFO | nfe_scanner | Requisicao concluida | metodo=GET | rota=/faturistas/ | status=200 | duracao_ms=5.8
2026-06-09 16:07:25,241 | INFO | nfe_scanner | Requisicao concluida | metodo=GET | rota=/notas/ | status=200 | duracao_ms=8.8
2026-06-09 16:07:29,007 | INFO | nfe_scanner | Requisicao concluida | metodo=GET | rota=/faturistas/ | status=200 | duracao_ms=19.7
2026-06-09 16:07:29,012 | INFO | nfe_scanner | Requisicao concluida | metodo=GET | rota=/notas/ | status=200 | duracao_ms=26.0
2026-06-09 16:07:32,287 | INFO | nfe_scanner | Requisicao concluida | metodo=GET | rota=/painel | status=200 | duracao_ms=2.6
2026-06-09 16:07:32,311 | INFO | nfe_scanner | Requisicao concluida | metodo=GET | rota=/painel-assets/app.js | status=200 | duracao_ms=5.1
2026-06-09 16:07:32,312 | INFO | nfe_scanner | Requisicao concluida | metodo=GET | rota=/painel-assets/styles.css | status=200 | duracao_ms=7.1
2026-06-09 16:07:32,348 | INFO | nfe_scanner | Requisicao concluida | metodo=GET | rota=/notas/ | status=200 | duracao_ms=14.5
2026-06-09 16:07:32,350 | INFO | nfe_scanner | Requisicao concluida | metodo=GET | rota=/faturistas/ | status=200 | duracao_ms=15.1
2026-06-09 16:07:36,517 | INFO | nfe_scanner | Requisicao concluida | metodo=GET | rota=/painel | status=200 | duracao_ms=1.5
2026-06-09 16:07:36,770 | INFO | nfe_scanner | Requisicao concluida | metodo=GET | rota=/faturistas/ | status=200 | duracao_ms=10.0
2026-06-09 16:07:36,772 | INFO | nfe_scanner | Requisicao concluida | metodo=GET | rota=/notas/ | status=200 | duracao_ms=13.1
2026-06-09 16:07:40,771 | INFO | nfe_scanner | Requisicao concluida | metodo=GET | rota=/notas/ | status=200 | duracao_ms=9.1
2026-06-09 16:07:40,774 | INFO | nfe_scanner | Requisicao concluida | metodo=GET | rota=/faturistas/ | status=200 | duracao_ms=10.0
2026-06-09 16:07:44,772 | INFO | nfe_scanner | Requisicao concluida | metodo=GET | rota=/faturistas/ | status=200 | duracao_ms=10.5
2026-06-09 16:07:44,774 | INFO | nfe_scanner | Requisicao concluida | metodo=GET | rota=/notas/ | status=200 | duracao_ms=14.2
2026-06-09 16:07:48,772 | INFO | nfe_scanner | Requisicao concluida | metodo=GET | rota=/notas/ | status=200 | duracao_ms=8.0
2026-06-09 16:07:48,773 | INFO | nfe_scanner | Requisicao concluida | metodo=GET | rota=/faturistas/ | status=200 | duracao_ms=8.3
2026-06-09 16:07:51,789 | INFO | nfe_scanner | Requisicao concluida | metodo=GET | rota=/painel | status=200 | duracao_ms=1.1
2026-06-09 16:07:53,244 | INFO | nfe_scanner | Requisicao concluida | metodo=GET | rota=/faturistas/ | status=200 | duracao_ms=6.7
2026-06-09 16:07:53,246 | INFO | nfe_scanner | Requisicao concluida | metodo=GET | rota=/notas/ | status=200 | duracao_ms=9.9
2026-06-09 16:07:57,238 | INFO | nfe_scanner | Requisicao concluida | metodo=GET | rota=/faturistas/ | status=200 | duracao_ms=3.5
2026-06-09 16:07:57,238 | INFO | nfe_scanner | Requisicao concluida | metodo=GET | rota=/notas/ | status=200 | duracao_ms=4.7
2026-06-09 16:08:01,230 | INFO | nfe_scanner | Requisicao concluida | metodo=GET | rota=/faturistas/ | status=200 | duracao_ms=5.0
2026-06-09 16:08:01,233 | INFO | nfe_scanner | Requisicao concluida | metodo=GET | rota=/notas/ | status=200 | duracao_ms=8.6
2026-06-09 16:08:05,235 | INFO | nfe_scanner | Requisicao concluida | metodo=GET | rota=/faturistas/ | status=200 | duracao_ms=5.3
2026-06-09 16:08:05,237 | INFO | nfe_scanner | Requisicao concluida | metodo=GET | rota=/notas/ | status=200 | duracao_ms=8.0
2026-06-09 16:08:08,765 | INFO | nfe_scanner | Requisicao concluida | metodo=GET | rota=/notas/ | status=200 | duracao_ms=7.2
2026-06-09 16:08:08,767 | INFO | nfe_scanner | Requisicao concluida | metodo=GET | rota=/faturistas/ | status=200 | duracao_ms=9.1
2026-06-09 16:08:12,762 | INFO | nfe_scanner | Requisicao concluida | metodo=GET | rota=/notas/ | status=200 | duracao_ms=4.5
2026-06-09 16:08:12,765 | INFO | nfe_scanner | Requisicao concluida | metodo=GET | rota=/faturistas/ | status=200 | duracao_ms=7.7
2026-06-09 16:08:16,779 | INFO | nfe_scanner | Requisicao concluida | metodo=GET | rota=/faturistas/ | status=200 | duracao_ms=4.8
2026-06-09 16:08:16,782 | INFO | nfe_scanner | Requisicao concluida | metodo=GET | rota=/notas/ | status=200 | duracao_ms=10.2
2026-06-09 16:08:20,766 | INFO | nfe_scanner | Requisicao concluida | metodo=GET | rota=/faturistas/ | status=200 | duracao_ms=5.5
2026-06-09 16:08:20,773 | INFO | nfe_scanner | Requisicao concluida | metodo=GET | rota=/notas/ | status=200 | duracao_ms=12.8
2026-06-09 16:08:24,777 | INFO | nfe_scanner | Requisicao concluida | metodo=GET | rota=/faturistas/ | status=200 | duracao_ms=5.8
2026-06-09 16:08:24,781 | INFO | nfe_scanner | Requisicao concluida | metodo=GET | rota=/notas/ | status=200 | duracao_ms=10.9
2026-06-09 16:08:28,781 | INFO | nfe_scanner | Requisicao concluida | metodo=GET | rota=/notas/ | status=200 | duracao_ms=9.4
2026-06-09 16:08:28,786 | INFO | nfe_scanner | Requisicao concluida | metodo=GET | rota=/faturistas/ | status=200 | duracao_ms=14.8
2026-06-09 16:08:32,764 | INFO | nfe_scanner | Requisicao concluida | metodo=GET | rota=/faturistas/ | status=200 | duracao_ms=7.0
2026-06-09 16:08:32,766 | INFO | nfe_scanner | Requisicao concluida | metodo=GET | rota=/notas/ | status=200 | duracao_ms=8.5
2026-06-09 16:08:36,767 | INFO | nfe_scanner | Requisicao concluida | metodo=GET | rota=/faturistas/ | status=200 | duracao_ms=5.8
2026-06-09 16:08:36,771 | INFO | nfe_scanner | Requisicao concluida | metodo=GET | rota=/notas/ | status=200 | duracao_ms=9.6
2026-06-09 16:08:40,767 | INFO | nfe_scanner | Requisicao concluida | metodo=GET | rota=/faturistas/ | status=200 | duracao_ms=6.4
2026-06-09 16:08:40,773 | INFO | nfe_scanner | Requisicao concluida | metodo=GET | rota=/notas/ | status=200 | duracao_ms=14.1
2026-06-09 16:08:44,766 | INFO | nfe_scanner | Requisicao concluida | metodo=GET | rota=/notas/ | status=200 | duracao_ms=5.5
2026-06-09 16:08:44,770 | INFO | nfe_scanner | Requisicao concluida | metodo=GET | rota=/faturistas/ | status=200 | duracao_ms=9.8
2026-06-09 16:08:48,769 | INFO | nfe_scanner | Requisicao concluida | metodo=GET | rota=/faturistas/ | status=200 | duracao_ms=5.9
2026-06-09 16:08:48,772 | INFO | nfe_scanner | Requisicao concluida | metodo=GET | rota=/notas/ | status=200 | duracao_ms=8.7
2026-06-09 16:08:52,796 | INFO | nfe_scanner | Requisicao concluida | metodo=GET | rota=/notas/ | status=200 | duracao_ms=3.9
2026-06-09 16:08:52,801 | INFO | nfe_scanner | Requisicao concluida | metodo=GET | rota=/faturistas/ | status=200 | duracao_ms=8.7
2026-06-09 16:08:56,764 | INFO | nfe_scanner | Requisicao concluida | metodo=GET | rota=/faturistas/ | status=200 | duracao_ms=6.3
2026-06-09 16:08:56,768 | INFO | nfe_scanner | Requisicao concluida | metodo=GET | rota=/notas/ | status=200 | duracao_ms=11.1
2026-06-09 16:09:00,772 | INFO | nfe_scanner | Requisicao concluida | metodo=GET | rota=/faturistas/ | status=200 | duracao_ms=9.8
2026-06-09 16:09:00,789 | INFO | nfe_scanner | Requisicao concluida | metodo=GET | rota=/notas/ | status=200 | duracao_ms=27.8
2026-06-09 16:09:04,776 | INFO | nfe_scanner | Requisicao concluida | metodo=GET | rota=/notas/ | status=200 | duracao_ms=4.6
2026-06-09 16:09:04,781 | INFO | nfe_scanner | Requisicao concluida | metodo=GET | rota=/faturistas/ | status=200 | duracao_ms=8.5
2026-06-09 16:09:08,777 | INFO | nfe_scanner | Requisicao concluida | metodo=GET | rota=/notas/ | status=200 | duracao_ms=4.7
2026-06-09 16:09:08,782 | INFO | nfe_scanner | Requisicao concluida | metodo=GET | rota=/faturistas/ | status=200 | duracao_ms=9.3
2026-06-09 16:09:12,780 | INFO | nfe_scanner | Requisicao concluida | metodo=GET | rota=/faturistas/ | status=200 | duracao_ms=4.4
2026-06-09 16:09:12,784 | INFO | nfe_scanner | Requisicao concluida | metodo=GET | rota=/notas/ | status=200 | duracao_ms=9.5
2026-06-09 16:09:16,775 | INFO | nfe_scanner | Requisicao concluida | metodo=GET | rota=/notas/ | status=200 | duracao_ms=4.6
2026-06-09 16:09:16,780 | INFO | nfe_scanner | Requisicao concluida | metodo=GET | rota=/faturistas/ | status=200 | duracao_ms=9.9
2026-06-09 16:09:20,781 | INFO | nfe_scanner | Requisicao concluida | metodo=GET | rota=/faturistas/ | status=200 | duracao_ms=5.9
2026-06-09 16:09:20,784 | INFO | nfe_scanner | Requisicao concluida | metodo=GET | rota=/notas/ | status=200 | duracao_ms=9.4
2026-06-09 16:09:24,775 | INFO | nfe_scanner | Requisicao concluida | metodo=GET | rota=/faturistas/ | status=200 | duracao_ms=9.8
2026-06-09 16:09:24,778 | INFO | nfe_scanner | Requisicao concluida | metodo=GET | rota=/notas/ | status=200 | duracao_ms=13.6
2026-06-09 16:09:28,776 | INFO | nfe_scanner | Requisicao concluida | metodo=GET | rota=/faturistas/ | status=200 | duracao_ms=4.2
2026-06-09 16:09:28,777 | INFO | nfe_scanner | Requisicao concluida | metodo=GET | rota=/notas/ | status=200 | duracao_ms=6.1
2026-06-09 16:09:32,768 | INFO | nfe_scanner | Requisicao concluida | metodo=GET | rota=/faturistas/ | status=200 | duracao_ms=5.3
2026-06-09 16:09:32,771 | INFO | nfe_scanner | Requisicao concluida | metodo=GET | rota=/notas/ | status=200 | duracao_ms=9.2
2026-06-09 16:09:36,774 | INFO | nfe_scanner | Requisicao concluida | metodo=GET | rota=/notas/ | status=200 | duracao_ms=6.2
2026-06-09 16:09:36,778 | INFO | nfe_scanner | Requisicao concluida | metodo=GET | rota=/faturistas/ | status=200 | duracao_ms=10.1
2026-06-09 16:09:40,770 | INFO | nfe_scanner | Requisicao concluida | metodo=GET | rota=/notas/ | status=200 | duracao_ms=4.7
2026-06-09 16:09:40,775 | INFO | nfe_scanner | Requisicao concluida | metodo=GET | rota=/faturistas/ | status=200 | duracao_ms=8.7
2026-06-09 16:09:44,769 | INFO | nfe_scanner | Requisicao concluida | metodo=GET | rota=/faturistas/ | status=200 | duracao_ms=5.6
2026-06-09 16:09:44,772 | INFO | nfe_scanner | Requisicao concluida | metodo=GET | rota=/notas/ | status=200 | duracao_ms=9.2
2026-06-09 16:09:48,769 | INFO | nfe_scanner | Requisicao concluida | metodo=GET | rota=/faturistas/ | status=200 | duracao_ms=5.0
2026-06-09 16:09:48,777 | INFO | nfe_scanner | Requisicao concluida | metodo=GET | rota=/notas/ | status=200 | duracao_ms=13.0
2026-06-09 16:09:52,772 | INFO | nfe_scanner | Requisicao concluida | metodo=GET | rota=/notas/ | status=200 | duracao_ms=2.7
2026-06-09 16:09:52,776 | INFO | nfe_scanner | Requisicao concluida | metodo=GET | rota=/faturistas/ | status=200 | duracao_ms=5.8
2026-06-09 16:09:54,470 | INFO | nfe_scanner | Requisicao concluida | metodo=GET | rota=/notas/ | status=200 | duracao_ms=4.3
2026-06-09 16:09:56,772 | INFO | nfe_scanner | Requisicao concluida | metodo=GET | rota=/faturistas/ | status=200 | duracao_ms=5.1
2026-06-09 16:09:56,775 | INFO | nfe_scanner | Requisicao concluida | metodo=GET | rota=/notas/ | status=200 | duracao_ms=9.3
2026-06-09 16:09:59,253 | INFO | nfe_scanner | Nota excluida | id=7 | numero=277620
2026-06-09 16:09:59,258 | INFO | nfe_scanner | Requisicao concluida | metodo=DELETE | rota=/notas/7/ | status=200 | duracao_ms=51.6
2026-06-09 16:09:59,280 | INFO | nfe_scanner | Requisicao concluida | metodo=GET | rota=/notas/ | status=200 | duracao_ms=5.5
2026-06-09 16:10:00,780 | INFO | nfe_scanner | Requisicao concluida | metodo=GET | rota=/notas/ | status=200 | duracao_ms=4.7
2026-06-09 16:10:00,785 | INFO | nfe_scanner | Requisicao concluida | metodo=GET | rota=/faturistas/ | status=200 | duracao_ms=9.2
2026-06-09 16:10:02,615 | INFO | nfe_scanner | Requisicao concluida | metodo=GET | rota=/notas/ | status=200 | duracao_ms=4.4
2026-06-09 16:10:04,777 | INFO | nfe_scanner | Requisicao concluida | metodo=GET | rota=/notas/ | status=200 | duracao_ms=4.8
2026-06-09 16:10:04,782 | INFO | nfe_scanner | Requisicao concluida | metodo=GET | rota=/faturistas/ | status=200 | duracao_ms=9.7
2026-06-09 16:10:08,777 | INFO | nfe_scanner | Requisicao concluida | metodo=GET | rota=/notas/ | status=200 | duracao_ms=4.7
2026-06-09 16:10:08,781 | INFO | nfe_scanner | Requisicao concluida | metodo=GET | rota=/faturistas/ | status=200 | duracao_ms=7.6
2026-06-09 16:10:12,777 | INFO | nfe_scanner | Requisicao concluida | metodo=GET | rota=/faturistas/ | status=200 | duracao_ms=4.1
2026-06-09 16:10:12,781 | INFO | nfe_scanner | Requisicao concluida | metodo=GET | rota=/notas/ | status=200 | duracao_ms=8.9
2026-06-09 16:10:16,767 | INFO | nfe_scanner | Requisicao concluida | metodo=GET | rota=/faturistas/ | status=200 | duracao_ms=3.9
2026-06-09 16:10:16,769 | INFO | nfe_scanner | Requisicao concluida | metodo=GET | rota=/notas/ | status=200 | duracao_ms=7.2
2026-06-09 16:10:20,772 | INFO | nfe_scanner | Requisicao concluida | metodo=GET | rota=/notas/ | status=200 | duracao_ms=8.2
2026-06-09 16:10:20,774 | INFO | nfe_scanner | Requisicao concluida | metodo=GET | rota=/faturistas/ | status=200 | duracao_ms=9.9
2026-06-09 16:10:24,773 | INFO | nfe_scanner | Requisicao concluida | metodo=GET | rota=/faturistas/ | status=200 | duracao_ms=6.0
2026-06-09 16:10:24,776 | INFO | nfe_scanner | Requisicao concluida | metodo=GET | rota=/notas/ | status=200 | duracao_ms=9.3
2026-06-09 16:10:28,777 | INFO | nfe_scanner | Requisicao concluida | metodo=GET | rota=/notas/ | status=200 | duracao_ms=4.8
2026-06-09 16:10:28,781 | INFO | nfe_scanner | Requisicao concluida | metodo=GET | rota=/faturistas/ | status=200 | duracao_ms=8.7
2026-06-09 16:10:32,766 | INFO | nfe_scanner | Requisicao concluida | metodo=GET | rota=/notas/ | status=200 | duracao_ms=4.4
2026-06-09 16:10:32,773 | INFO | nfe_scanner | Requisicao concluida | metodo=GET | rota=/faturistas/ | status=200 | duracao_ms=12.0
2026-06-09 16:10:36,769 | INFO | nfe_scanner | Requisicao concluida | metodo=GET | rota=/notas/ | status=200 | duracao_ms=8.7
2026-06-09 16:10:36,770 | INFO | nfe_scanner | Requisicao concluida | metodo=GET | rota=/faturistas/ | status=200 | duracao_ms=9.4
2026-06-09 16:10:40,777 | INFO | nfe_scanner | Requisicao concluida | metodo=GET | rota=/faturistas/ | status=200 | duracao_ms=5.2
2026-06-09 16:10:40,780 | INFO | nfe_scanner | Requisicao concluida | metodo=GET | rota=/notas/ | status=200 | duracao_ms=8.6
2026-06-09 16:10:44,765 | INFO | nfe_scanner | Requisicao concluida | metodo=GET | rota=/faturistas/ | status=200 | duracao_ms=2.0
2026-06-09 16:10:44,766 | INFO | nfe_scanner | Requisicao concluida | metodo=GET | rota=/notas/ | status=200 | duracao_ms=3.7
2026-06-09 16:10:48,772 | INFO | nfe_scanner | Requisicao concluida | metodo=GET | rota=/notas/ | status=200 | duracao_ms=7.0
2026-06-09 16:10:48,773 | INFO | nfe_scanner | Requisicao concluida | metodo=GET | rota=/faturistas/ | status=200 | duracao_ms=8.0
2026-06-09 16:10:52,769 | INFO | nfe_scanner | Requisicao concluida | metodo=GET | rota=/faturistas/ | status=200 | duracao_ms=3.4
2026-06-09 16:10:52,775 | INFO | nfe_scanner | Requisicao concluida | metodo=GET | rota=/notas/ | status=200 | duracao_ms=9.9
2026-06-09 16:10:56,774 | INFO | nfe_scanner | Requisicao concluida | metodo=GET | rota=/notas/ | status=200 | duracao_ms=4.6
2026-06-09 16:10:56,779 | INFO | nfe_scanner | Requisicao concluida | metodo=GET | rota=/faturistas/ | status=200 | duracao_ms=9.4
2026-06-09 16:11:00,775 | INFO | nfe_scanner | Requisicao concluida | metodo=GET | rota=/faturistas/ | status=200 | duracao_ms=6.0
2026-06-09 16:11:00,779 | INFO | nfe_scanner | Requisicao concluida | metodo=GET | rota=/notas/ | status=200 | duracao_ms=10.3
2026-06-09 16:11:04,766 | INFO | nfe_scanner | Requisicao concluida | metodo=GET | rota=/faturistas/ | status=200 | duracao_ms=6.2
2026-06-09 16:11:04,770 | INFO | nfe_scanner | Requisicao concluida | metodo=GET | rota=/notas/ | status=200 | duracao_ms=10.0
2026-06-09 16:11:08,774 | INFO | nfe_scanner | Requisicao concluida | metodo=GET | rota=/notas/ | status=200 | duracao_ms=5.0
2026-06-09 16:11:08,779 | INFO | nfe_scanner | Requisicao concluida | metodo=GET | rota=/faturistas/ | status=200 | duracao_ms=8.9
2026-06-09 16:11:12,777 | INFO | nfe_scanner | Requisicao concluida | metodo=GET | rota=/faturistas/ | status=200 | duracao_ms=5.3
2026-06-09 16:11:12,778 | INFO | nfe_scanner | Requisicao concluida | metodo=GET | rota=/notas/ | status=200 | duracao_ms=7.5
2026-06-09 16:11:16,764 | INFO | nfe_scanner | Requisicao concluida | metodo=GET | rota=/notas/ | status=200 | duracao_ms=3.5
2026-06-09 16:11:16,772 | INFO | nfe_scanner | Requisicao concluida | metodo=GET | rota=/faturistas/ | status=200 | duracao_ms=10.6
2026-06-09 16:11:20,776 | INFO | nfe_scanner | Requisicao concluida | metodo=GET | rota=/faturistas/ | status=200 | duracao_ms=4.6
2026-06-09 16:11:20,780 | INFO | nfe_scanner | Requisicao concluida | metodo=GET | rota=/notas/ | status=200 | duracao_ms=9.1
2026-06-09 16:11:22,393 | INFO | nfe_scanner | Requisicao concluida | metodo=GET | rota=/docs | status=200 | duracao_ms=58.7
2026-06-09 16:11:22,522 | INFO | nfe_scanner | Requisicao concluida | metodo=GET | rota=/openapi.json | status=200 | duracao_ms=8.3
2026-06-09 16:11:25,240 | INFO | nfe_scanner | Requisicao concluida | metodo=GET | rota=/faturistas/ | status=200 | duracao_ms=7.9
2026-06-09 16:11:25,244 | INFO | nfe_scanner | Requisicao concluida | metodo=GET | rota=/notas/ | status=200 | duracao_ms=13.0
2026-06-09 16:11:29,242 | INFO | nfe_scanner | Requisicao concluida | metodo=GET | rota=/notas/ | status=200 | duracao_ms=11.0
2026-06-09 16:11:29,250 | INFO | nfe_scanner | Requisicao concluida | metodo=GET | rota=/faturistas/ | status=200 | duracao_ms=18.1
2026-06-09 16:11:33,233 | INFO | nfe_scanner | Requisicao concluida | metodo=GET | rota=/faturistas/ | status=200 | duracao_ms=7.7
2026-06-09 16:11:33,238 | INFO | nfe_scanner | Requisicao concluida | metodo=GET | rota=/notas/ | status=200 | duracao_ms=13.1
2026-06-09 16:11:37,236 | INFO | nfe_scanner | Requisicao concluida | metodo=GET | rota=/faturistas/ | status=200 | duracao_ms=4.0
2026-06-09 16:11:37,240 | INFO | nfe_scanner | Requisicao concluida | metodo=GET | rota=/notas/ | status=200 | duracao_ms=9.9
2026-06-09 16:11:41,234 | INFO | nfe_scanner | Requisicao concluida | metodo=GET | rota=/notas/ | status=200 | duracao_ms=4.4
2026-06-09 16:11:41,238 | INFO | nfe_scanner | Requisicao concluida | metodo=GET | rota=/faturistas/ | status=200 | duracao_ms=7.8
2026-06-09 16:11:44,771 | INFO | nfe_scanner | Requisicao concluida | metodo=GET | rota=/faturistas/ | status=200 | duracao_ms=4.9
2026-06-09 16:11:44,774 | INFO | nfe_scanner | Requisicao concluida | metodo=GET | rota=/notas/ | status=200 | duracao_ms=7.6
2026-06-09 16:11:48,773 | INFO | nfe_scanner | Requisicao concluida | metodo=GET | rota=/notas/ | status=200 | duracao_ms=3.9
2026-06-09 16:11:48,776 | INFO | nfe_scanner | Requisicao concluida | metodo=GET | rota=/faturistas/ | status=200 | duracao_ms=7.1
2026-06-09 16:11:52,776 | INFO | nfe_scanner | Requisicao concluida | metodo=GET | rota=/faturistas/ | status=200 | duracao_ms=3.6
2026-06-09 16:11:52,783 | INFO | nfe_scanner | Requisicao concluida | metodo=GET | rota=/notas/ | status=200 | duracao_ms=11.1
2026-06-09 16:11:56,769 | INFO | nfe_scanner | Requisicao concluida | metodo=GET | rota=/faturistas/ | status=200 | duracao_ms=6.4
2026-06-09 16:11:56,771 | INFO | nfe_scanner | Requisicao concluida | metodo=GET | rota=/notas/ | status=200 | duracao_ms=10.3
2026-06-09 16:12:00,768 | INFO | nfe_scanner | Requisicao concluida | metodo=GET | rota=/notas/ | status=200 | duracao_ms=4.5
2026-06-09 16:12:00,773 | INFO | nfe_scanner | Requisicao concluida | metodo=GET | rota=/faturistas/ | status=200 | duracao_ms=8.6
2026-06-09 16:12:04,768 | INFO | nfe_scanner | Requisicao concluida | metodo=GET | rota=/notas/ | status=200 | duracao_ms=4.9
2026-06-09 16:12:04,771 | INFO | nfe_scanner | Requisicao concluida | metodo=GET | rota=/faturistas/ | status=200 | duracao_ms=7.5
2026-06-09 16:12:08,775 | INFO | nfe_scanner | Requisicao concluida | metodo=GET | rota=/faturistas/ | status=200 | duracao_ms=6.5
2026-06-09 16:12:08,778 | INFO | nfe_scanner | Requisicao concluida | metodo=GET | rota=/notas/ | status=200 | duracao_ms=11.5
2026-06-09 16:12:12,782 | INFO | nfe_scanner | Requisicao concluida | metodo=GET | rota=/notas/ | status=200 | duracao_ms=5.9
2026-06-09 16:12:12,784 | INFO | nfe_scanner | Requisicao concluida | metodo=GET | rota=/faturistas/ | status=200 | duracao_ms=6.8
2026-06-09 16:12:16,769 | INFO | nfe_scanner | Requisicao concluida | metodo=GET | rota=/notas/ | status=200 | duracao_ms=4.7
2026-06-09 16:12:16,775 | INFO | nfe_scanner | Requisicao concluida | metodo=GET | rota=/faturistas/ | status=200 | duracao_ms=11.0
2026-06-09 16:12:20,766 | INFO | nfe_scanner | Requisicao concluida | metodo=GET | rota=/notas/ | status=200 | duracao_ms=4.2
2026-06-09 16:12:20,770 | INFO | nfe_scanner | Requisicao concluida | metodo=GET | rota=/faturistas/ | status=200 | duracao_ms=8.3
2026-06-09 16:12:24,777 | INFO | nfe_scanner | Requisicao concluida | metodo=GET | rota=/faturistas/ | status=200 | duracao_ms=8.4
2026-06-09 16:12:24,779 | INFO | nfe_scanner | Requisicao concluida | metodo=GET | rota=/notas/ | status=200 | duracao_ms=11.4
2026-06-09 16:12:28,771 | INFO | nfe_scanner | Requisicao concluida | metodo=GET | rota=/faturistas/ | status=200 | duracao_ms=8.0
2026-06-09 16:12:28,772 | INFO | nfe_scanner | Requisicao concluida | metodo=GET | rota=/notas/ | status=200 | duracao_ms=10.1
2026-06-09 16:12:32,773 | INFO | nfe_scanner | Requisicao concluida | metodo=GET | rota=/notas/ | status=200 | duracao_ms=5.5
2026-06-09 16:12:32,779 | INFO | nfe_scanner | Requisicao concluida | metodo=GET | rota=/faturistas/ | status=200 | duracao_ms=9.9
2026-06-09 16:12:36,774 | INFO | nfe_scanner | Requisicao concluida | metodo=GET | rota=/notas/ | status=200 | duracao_ms=5.0
2026-06-09 16:12:36,780 | INFO | nfe_scanner | Requisicao concluida | metodo=GET | rota=/faturistas/ | status=200 | duracao_ms=9.7
2026-06-09 16:12:40,777 | INFO | nfe_scanner | Requisicao concluida | metodo=GET | rota=/notas/ | status=200 | duracao_ms=3.6
2026-06-09 16:12:40,785 | INFO | nfe_scanner | Requisicao concluida | metodo=GET | rota=/faturistas/ | status=200 | duracao_ms=4.0
2026-06-09 16:12:44,772 | INFO | nfe_scanner | Requisicao concluida | metodo=GET | rota=/notas/ | status=200 | duracao_ms=5.7
2026-06-09 16:12:44,774 | INFO | nfe_scanner | Requisicao concluida | metodo=GET | rota=/faturistas/ | status=200 | duracao_ms=7.4
2026-06-09 16:12:48,776 | INFO | nfe_scanner | Requisicao concluida | metodo=GET | rota=/faturistas/ | status=200 | duracao_ms=6.5
2026-06-09 16:12:48,779 | INFO | nfe_scanner | Requisicao concluida | metodo=GET | rota=/notas/ | status=200 | duracao_ms=10.2
2026-06-09 16:12:52,768 | INFO | nfe_scanner | Requisicao concluida | metodo=GET | rota=/faturistas/ | status=200 | duracao_ms=4.5
2026-06-09 16:12:52,770 | INFO | nfe_scanner | Requisicao concluida | metodo=GET | rota=/notas/ | status=200 | duracao_ms=6.8
2026-06-09 16:12:56,778 | INFO | nfe_scanner | Requisicao concluida | metodo=GET | rota=/notas/ | status=200 | duracao_ms=4.9
2026-06-09 16:12:56,782 | INFO | nfe_scanner | Requisicao concluida | metodo=GET | rota=/faturistas/ | status=200 | duracao_ms=8.8
2026-06-09 16:13:00,771 | INFO | nfe_scanner | Requisicao concluida | metodo=GET | rota=/notas/ | status=200 | duracao_ms=7.6
2026-06-09 16:13:00,775 | INFO | nfe_scanner | Requisicao concluida | metodo=GET | rota=/faturistas/ | status=200 | duracao_ms=10.4
2026-06-09 16:13:05,241 | INFO | nfe_scanner | Requisicao concluida | metodo=GET | rota=/notas/ | status=200 | duracao_ms=4.4
2026-06-09 16:13:05,247 | INFO | nfe_scanner | Requisicao concluida | metodo=GET | rota=/faturistas/ | status=200 | duracao_ms=2.9
2026-06-09 16:13:09,250 | INFO | nfe_scanner | Requisicao concluida | metodo=GET | rota=/notas/ | status=200 | duracao_ms=11.0
2026-06-09 16:13:09,253 | INFO | nfe_scanner | Requisicao concluida | metodo=GET | rota=/faturistas/ | status=200 | duracao_ms=9.5
2026-06-09 16:13:12,776 | INFO | nfe_scanner | Requisicao concluida | metodo=GET | rota=/faturistas/ | status=200 | duracao_ms=5.8
2026-06-09 16:13:12,778 | INFO | nfe_scanner | Requisicao concluida | metodo=GET | rota=/notas/ | status=200 | duracao_ms=8.0
2026-06-09 16:13:16,780 | INFO | nfe_scanner | Requisicao concluida | metodo=GET | rota=/notas/ | status=200 | duracao_ms=6.2
2026-06-09 16:13:16,785 | INFO | nfe_scanner | Requisicao concluida | metodo=GET | rota=/faturistas/ | status=200 | duracao_ms=10.7
2026-06-09 16:13:20,778 | INFO | nfe_scanner | Requisicao concluida | metodo=GET | rota=/notas/ | status=200 | duracao_ms=4.3
2026-06-09 16:13:20,782 | INFO | nfe_scanner | Requisicao concluida | metodo=GET | rota=/faturistas/ | status=200 | duracao_ms=8.0
2026-06-09 16:13:24,769 | INFO | nfe_scanner | Requisicao concluida | metodo=GET | rota=/notas/ | status=200 | duracao_ms=6.7
2026-06-09 16:13:24,775 | INFO | nfe_scanner | Requisicao concluida | metodo=GET | rota=/faturistas/ | status=200 | duracao_ms=11.7
2026-06-09 16:13:28,775 | INFO | nfe_scanner | Requisicao concluida | metodo=GET | rota=/notas/ | status=200 | duracao_ms=5.1
2026-06-09 16:13:28,780 | INFO | nfe_scanner | Requisicao concluida | metodo=GET | rota=/faturistas/ | status=200 | duracao_ms=9.3
2026-06-09 16:13:32,775 | INFO | nfe_scanner | Requisicao concluida | metodo=GET | rota=/notas/ | status=200 | duracao_ms=5.8
2026-06-09 16:13:32,777 | INFO | nfe_scanner | Requisicao concluida | metodo=GET | rota=/faturistas/ | status=200 | duracao_ms=6.5
2026-06-09 16:13:36,770 | INFO | nfe_scanner | Requisicao concluida | metodo=GET | rota=/notas/ | status=200 | duracao_ms=4.7
2026-06-09 16:13:36,774 | INFO | nfe_scanner | Requisicao concluida | metodo=GET | rota=/faturistas/ | status=200 | duracao_ms=9.1
2026-06-09 16:13:40,779 | INFO | nfe_scanner | Requisicao concluida | metodo=GET | rota=/faturistas/ | status=200 | duracao_ms=5.0
2026-06-09 16:13:40,782 | INFO | nfe_scanner | Requisicao concluida | metodo=GET | rota=/notas/ | status=200 | duracao_ms=7.8
2026-06-09 16:13:44,777 | INFO | nfe_scanner | Requisicao concluida | metodo=GET | rota=/notas/ | status=200 | duracao_ms=4.3
2026-06-09 16:13:44,781 | INFO | nfe_scanner | Requisicao concluida | metodo=GET | rota=/faturistas/ | status=200 | duracao_ms=8.5
2026-06-09 16:13:48,768 | INFO | nfe_scanner | Requisicao concluida | metodo=GET | rota=/faturistas/ | status=200 | duracao_ms=6.1
2026-06-09 16:13:48,770 | INFO | nfe_scanner | Requisicao concluida | metodo=GET | rota=/notas/ | status=200 | duracao_ms=8.1
2026-06-09 16:13:52,772 | INFO | nfe_scanner | Requisicao concluida | metodo=GET | rota=/faturistas/ | status=200 | duracao_ms=7.0
2026-06-09 16:13:52,774 | INFO | nfe_scanner | Requisicao concluida | metodo=GET | rota=/notas/ | status=200 | duracao_ms=10.2
2026-06-09 16:13:56,769 | INFO | nfe_scanner | Requisicao concluida | metodo=GET | rota=/notas/ | status=200 | duracao_ms=4.6
2026-06-09 16:13:56,774 | INFO | nfe_scanner | Requisicao concluida | metodo=GET | rota=/faturistas/ | status=200 | duracao_ms=8.9
2026-06-09 16:14:00,778 | INFO | nfe_scanner | Requisicao concluida | metodo=GET | rota=/notas/ | status=200 | duracao_ms=4.6
2026-06-09 16:14:00,783 | INFO | nfe_scanner | Requisicao concluida | metodo=GET | rota=/faturistas/ | status=200 | duracao_ms=9.8
2026-06-09 16:14:04,774 | INFO | nfe_scanner | Requisicao concluida | metodo=GET | rota=/faturistas/ | status=200 | duracao_ms=3.4
2026-06-09 16:14:04,780 | INFO | nfe_scanner | Requisicao concluida | metodo=GET | rota=/notas/ | status=200 | duracao_ms=9.5
2026-06-09 16:14:08,775 | INFO | nfe_scanner | Requisicao concluida | metodo=GET | rota=/notas/ | status=200 | duracao_ms=7.2
2026-06-09 16:14:08,777 | INFO | nfe_scanner | Requisicao concluida | metodo=GET | rota=/faturistas/ | status=200 | duracao_ms=8.5
2026-06-09 16:14:12,766 | INFO | nfe_scanner | Requisicao concluida | metodo=GET | rota=/notas/ | status=200 | duracao_ms=4.7
2026-06-09 16:14:12,771 | INFO | nfe_scanner | Requisicao concluida | metodo=GET | rota=/faturistas/ | status=200 | duracao_ms=8.2
2026-06-09 16:14:16,773 | INFO | nfe_scanner | Requisicao concluida | metodo=GET | rota=/faturistas/ | status=200 | duracao_ms=4.2
2026-06-09 16:14:16,777 | INFO | nfe_scanner | Requisicao concluida | metodo=GET | rota=/notas/ | status=200 | duracao_ms=8.9
2026-06-09 16:14:20,779 | INFO | nfe_scanner | Requisicao concluida | metodo=GET | rota=/notas/ | status=200 | duracao_ms=5.7
2026-06-09 16:14:20,781 | INFO | nfe_scanner | Requisicao concluida | metodo=GET | rota=/faturistas/ | status=200 | duracao_ms=6.6
2026-06-09 16:14:24,768 | INFO | nfe_scanner | Requisicao concluida | metodo=GET | rota=/faturistas/ | status=200 | duracao_ms=6.6
2026-06-09 16:14:24,771 | INFO | nfe_scanner | Requisicao concluida | metodo=GET | rota=/notas/ | status=200 | duracao_ms=9.4
2026-06-09 16:14:28,776 | INFO | nfe_scanner | Requisicao concluida | metodo=GET | rota=/notas/ | status=200 | duracao_ms=6.1
2026-06-09 16:14:28,779 | INFO | nfe_scanner | Requisicao concluida | metodo=GET | rota=/faturistas/ | status=200 | duracao_ms=8.6
2026-06-09 16:14:32,768 | INFO | nfe_scanner | Requisicao concluida | metodo=GET | rota=/faturistas/ | status=200 | duracao_ms=6.5
2026-06-09 16:14:32,772 | INFO | nfe_scanner | Requisicao concluida | metodo=GET | rota=/notas/ | status=200 | duracao_ms=11.4
2026-06-09 16:14:36,773 | INFO | nfe_scanner | Requisicao concluida | metodo=GET | rota=/faturistas/ | status=200 | duracao_ms=4.0
2026-06-09 16:14:36,775 | INFO | nfe_scanner | Requisicao concluida | metodo=GET | rota=/notas/ | status=200 | duracao_ms=6.5
2026-06-09 16:14:40,772 | INFO | nfe_scanner | Requisicao concluida | metodo=GET | rota=/notas/ | status=200 | duracao_ms=4.9
2026-06-09 16:14:40,777 | INFO | nfe_scanner | Requisicao concluida | metodo=GET | rota=/faturistas/ | status=200 | duracao_ms=9.7
2026-06-09 16:14:44,781 | INFO | nfe_scanner | Requisicao concluida | metodo=GET | rota=/notas/ | status=200 | duracao_ms=7.2
2026-06-09 16:14:44,783 | INFO | nfe_scanner | Requisicao concluida | metodo=GET | rota=/faturistas/ | status=200 | duracao_ms=8.4
2026-06-09 16:14:48,761 | INFO | nfe_scanner | Requisicao concluida | metodo=GET | rota=/notas/ | status=200 | duracao_ms=4.3
2026-06-09 16:14:48,765 | INFO | nfe_scanner | Requisicao concluida | metodo=GET | rota=/faturistas/ | status=200 | duracao_ms=8.3
2026-06-09 16:14:52,774 | INFO | nfe_scanner | Requisicao concluida | metodo=GET | rota=/faturistas/ | status=200 | duracao_ms=12.3
2026-06-09 16:14:52,778 | INFO | nfe_scanner | Requisicao concluida | metodo=GET | rota=/notas/ | status=200 | duracao_ms=16.0
2026-06-09 16:14:55,318 | INFO | nfe_scanner.integracao | Consultando API fiscal | chave=312606...161708
2026-06-09 16:14:55,564 | INFO | nfe_scanner.integracao | API fiscal respondeu | chave=312606...161708 | status=200 | bytes=4744
2026-06-09 16:14:55,570 | INFO | nfe_scanner.integracao | Nota fiscal consultada | chave=312606...161708 | numero=277620 | fornecedor=Vale S.A.
2026-06-09 16:14:55,571 | INFO | nfe_scanner | Leitura concluida | chave=312606...161708 | numero=277620
2026-06-09 16:14:55,577 | INFO | nfe_scanner | Requisicao concluida | metodo=POST | rota=/barcode-nf/ | status=200 | duracao_ms=279.0
2026-06-09 16:14:56,770 | INFO | nfe_scanner | Requisicao concluida | metodo=GET | rota=/faturistas/ | status=200 | duracao_ms=11.4
2026-06-09 16:14:56,775 | INFO | nfe_scanner | Requisicao concluida | metodo=GET | rota=/notas/ | status=200 | duracao_ms=15.9
2026-06-09 16:15:00,774 | INFO | nfe_scanner | Requisicao concluida | metodo=GET | rota=/faturistas/ | status=200 | duracao_ms=4.3
2026-06-09 16:15:00,779 | INFO | nfe_scanner | Requisicao concluida | metodo=GET | rota=/notas/ | status=200 | duracao_ms=10.1
2026-06-09 16:15:04,780 | INFO | nfe_scanner | Requisicao concluida | metodo=GET | rota=/faturistas/ | status=200 | duracao_ms=5.5
2026-06-09 16:15:04,783 | INFO | nfe_scanner | Requisicao concluida | metodo=GET | rota=/notas/ | status=200 | duracao_ms=9.2
2026-06-09 16:15:08,774 | INFO | nfe_scanner | Requisicao concluida | metodo=GET | rota=/faturistas/ | status=200 | duracao_ms=7.2
2026-06-09 16:15:08,776 | INFO | nfe_scanner | Requisicao concluida | metodo=GET | rota=/notas/ | status=200 | duracao_ms=11.1
2026-06-09 16:15:12,763 | INFO | nfe_scanner | Requisicao concluida | metodo=GET | rota=/notas/ | status=200 | duracao_ms=3.4
2026-06-09 16:15:12,768 | INFO | nfe_scanner | Requisicao concluida | metodo=GET | rota=/faturistas/ | status=200 | duracao_ms=7.9
2026-06-09 16:15:16,771 | INFO | nfe_scanner | Requisicao concluida | metodo=GET | rota=/notas/ | status=200 | duracao_ms=5.4
2026-06-09 16:15:16,772 | INFO | nfe_scanner | Requisicao concluida | metodo=GET | rota=/faturistas/ | status=200 | duracao_ms=6.4
2026-06-09 16:15:20,770 | INFO | nfe_scanner | Requisicao concluida | metodo=GET | rota=/faturistas/ | status=200 | duracao_ms=8.8
2026-06-09 16:15:20,776 | INFO | nfe_scanner | Requisicao concluida | metodo=GET | rota=/notas/ | status=200 | duracao_ms=16.7
2026-06-09 16:15:24,766 | INFO | nfe_scanner | Requisicao concluida | metodo=GET | rota=/notas/ | status=200 | duracao_ms=4.8
2026-06-09 16:15:24,771 | INFO | nfe_scanner | Requisicao concluida | metodo=GET | rota=/faturistas/ | status=200 | duracao_ms=9.1
2026-06-09 16:15:27,634 | INFO | nfe_scanner.integracao | Consultando API fiscal | chave=312606...161708
2026-06-09 16:15:27,719 | INFO | nfe_scanner.integracao | API fiscal respondeu | chave=312606...161708 | status=200 | bytes=4744
2026-06-09 16:15:27,723 | INFO | nfe_scanner.integracao | Nota fiscal consultada | chave=312606...161708 | numero=277620 | fornecedor=Vale S.A.
2026-06-09 16:15:27,724 | INFO | nfe_scanner | Leitura concluida | chave=312606...161708 | numero=277620
2026-06-09 16:15:27,726 | INFO | nfe_scanner | Requisicao concluida | metodo=POST | rota=/barcode-nf/ | status=200 | duracao_ms=94.1
2026-06-09 16:15:28,765 | INFO | nfe_scanner | Requisicao concluida | metodo=GET | rota=/faturistas/ | status=200 | duracao_ms=6.2
2026-06-09 16:15:28,770 | INFO | nfe_scanner | Requisicao concluida | metodo=GET | rota=/notas/ | status=200 | duracao_ms=11.5
2026-06-09 16:15:29,092 | INFO | nfe_scanner | Nota cadastrada | id=7 | numero=277620 | local=A2BR
2026-06-09 16:15:29,094 | INFO | nfe_scanner | Requisicao concluida | metodo=POST | rota=/notas/ | status=200 | duracao_ms=36.5
2026-06-09 16:15:29,109 | INFO | nfe_scanner | Requisicao concluida | metodo=GET | rota=/faturistas/ | status=200 | duracao_ms=6.6
2026-06-09 16:15:29,113 | INFO | nfe_scanner | Requisicao concluida | metodo=GET | rota=/notas/ | status=200 | duracao_ms=11.3
2026-06-09 16:15:32,249 | INFO | nfe_scanner | XML gerado | nota_id=7 | quantidade=1 | arquivo=nota_fiscal_7_20260609_161532.xml
2026-06-09 16:15:32,253 | INFO | nfe_scanner | Requisicao concluida | metodo=POST | rota=/relatorio/ | status=200 | duracao_ms=109.2
2026-06-09 16:15:32,774 | INFO | nfe_scanner | Requisicao concluida | metodo=GET | rota=/faturistas/ | status=200 | duracao_ms=5.4
2026-06-09 16:15:32,777 | INFO | nfe_scanner | Requisicao concluida | metodo=GET | rota=/notas/ | status=200 | duracao_ms=9.2
2026-06-09 16:15:37,233 | INFO | nfe_scanner | Requisicao concluida | metodo=GET | rota=/notas/ | status=200 | duracao_ms=7.4
2026-06-09 16:15:37,235 | INFO | nfe_scanner | Requisicao concluida | metodo=GET | rota=/faturistas/ | status=200 | duracao_ms=10.1
2026-06-09 16:15:41,232 | INFO | nfe_scanner | Requisicao concluida | metodo=GET | rota=/faturistas/ | status=200 | duracao_ms=5.9
2026-06-09 16:15:41,236 | INFO | nfe_scanner | Requisicao concluida | metodo=GET | rota=/notas/ | status=200 | duracao_ms=10.5
2026-06-09 16:15:45,235 | INFO | nfe_scanner | Requisicao concluida | metodo=GET | rota=/faturistas/ | status=200 | duracao_ms=2.5
2026-06-09 16:15:45,236 | INFO | nfe_scanner | Requisicao concluida | metodo=GET | rota=/notas/ | status=200 | duracao_ms=4.2
2026-06-09 16:15:49,242 | INFO | nfe_scanner | Requisicao concluida | metodo=GET | rota=/faturistas/ | status=200 | duracao_ms=5.9
2026-06-09 16:15:49,245 | INFO | nfe_scanner | Requisicao concluida | metodo=GET | rota=/notas/ | status=200 | duracao_ms=10.1
2026-06-09 16:15:52,774 | INFO | nfe_scanner | Requisicao concluida | metodo=GET | rota=/faturistas/ | status=200 | duracao_ms=6.5
2026-06-09 16:15:52,775 | INFO | nfe_scanner | Requisicao concluida | metodo=GET | rota=/notas/ | status=200 | duracao_ms=7.9
2026-06-09 16:15:56,296 | INFO | nfe_scanner | XML gerado | nota_id=None | quantidade=7 | arquivo=notas_fiscais_20260609_161556.xml
2026-06-09 16:15:56,299 | INFO | nfe_scanner | Requisicao concluida | metodo=POST | rota=/relatorio/ | status=200 | duracao_ms=13.5
2026-06-09 16:15:56,776 | INFO | nfe_scanner | Requisicao concluida | metodo=GET | rota=/notas/ | status=200 | duracao_ms=5.7
2026-06-09 16:15:56,778 | INFO | nfe_scanner | Requisicao concluida | metodo=GET | rota=/faturistas/ | status=200 | duracao_ms=7.0
2026-06-09 16:16:01,233 | INFO | nfe_scanner | Requisicao concluida | metodo=GET | rota=/faturistas/ | status=200 | duracao_ms=5.5
2026-06-09 16:16:01,240 | INFO | nfe_scanner | Requisicao concluida | metodo=GET | rota=/notas/ | status=200 | duracao_ms=14.1
2026-06-09 16:16:05,243 | INFO | nfe_scanner | Requisicao concluida | metodo=GET | rota=/faturistas/ | status=200 | duracao_ms=4.4
2026-06-09 16:16:05,246 | INFO | nfe_scanner | Requisicao concluida | metodo=GET | rota=/notas/ | status=200 | duracao_ms=9.3
2026-06-09 16:16:09,245 | INFO | nfe_scanner | Requisicao concluida | metodo=GET | rota=/faturistas/ | status=200 | duracao_ms=6.9
2026-06-09 16:16:09,249 | INFO | nfe_scanner | Requisicao concluida | metodo=GET | rota=/notas/ | status=200 | duracao_ms=12.6
